participant_id,trial_id,stimulus_modality,source_label,participant_response,confidence_rating
P1,T1,visual,setosa,3.5,5.1
P2,T2,visual,setosa,3.0,4.9
P3,T3,visual,setosa,3.2,4.7
P4,T4,visual,setosa,3.1,4.6
P5,T5,visual,setosa,3.6,5.0
P6,T6,visual,setosa,3.9,5.4
P7,T7,visual,setosa,3.4,4.6
P8,T8,visual,setosa,3.4,5.0
P9,T9,visual,setosa,2.9,4.4
P10,T10,visual,setosa,3.1,4.9
P11,T11,visual,setosa,3.7,5.4
P12,T12,visual,setosa,3.4,4.8
P13,T13,visual,setosa,3.0,4.8
P14,T14,visual,setosa,3.0,4.3
P15,T15,visual,setosa,4.0,5.8
P16,T16,visual,setosa,4.4,5.7
P17,T17,visual,setosa,3.9,5.4
P18,T18,visual,setosa,3.5,5.1
P19,T19,visual,setosa,3.8,5.7
P20,T20,visual,setosa,3.8,5.1
P21,T21,visual,setosa,3.4,5.4
P22,T22,visual,setosa,3.7,5.1
P23,T23,visual,setosa,3.6,4.6
P24,T24,visual,setosa,3.3,5.1
P25,T25,visual,setosa,3.4,4.8
P26,T26,visual,setosa,3.0,5.0
P27,T27,visual,setosa,3.4,5.0
P28,T28,visual,setosa,3.5,5.2
P29,T29,visual,setosa,3.4,5.2
P30,T30,visual,setosa,3.2,4.7
P31,T31,visual,setosa,3.1,4.8
P32,T32,visual,setosa,3.4,5.4
P33,T33,visual,setosa,4.1,5.2
P34,T34,visual,setosa,4.2,5.5
P35,T35,visual,setosa,3.1,4.9
P36,T36,visual,setosa,3.2,5.0
P37,T37,visual,setosa,3.5,5.5
P38,T38,visual,setosa,3.6,4.9
P39,T39,visual,setosa,3.0,4.4
P40,T40,visual,setosa,3.4,5.1
P41,T41,visual,setosa,3.5,5.0
P42,T42,visual,setosa,2.3,4.5
P43,T43,visual,setosa,3.2,4.4
P44,T44,visual,setosa,3.5,5.0
P45,T45,visual,setosa,3.8,5.1
P46,T46,visual,setosa,3.0,4.8
P47,T47,visual,setosa,3.8,5.1
P48,T48,visual,setosa,3.2,4.6
P49,T49,visual,setosa,3.7,5.3
P50,T50,visual,setosa,3.3,5.0
P51,T51,visual,versicolor,3.2,7.0
P52,T52,visual,versicolor,3.2,6.4
P53,T53,visual,versicolor,3.1,6.9
P54,T54,visual,versicolor,2.3,5.5
P55,T55,visual,versicolor,2.8,6.5
P56,T56,visual,versicolor,2.8,5.7
P57,T57,visual,versicolor,3.3,6.3
P58,T58,visual,versicolor,2.4,4.9
P59,T59,visual,versicolor,2.9,6.6
P60,T60,visual,versicolor,2.7,5.2
P61,T61,visual,versicolor,2.0,5.0
P62,T62,visual,versicolor,3.0,5.9
P63,T63,visual,versicolor,2.2,6.0
P64,T64,visual,versicolor,2.9,6.1
P65,T65,visual,versicolor,2.9,5.6
P66,T66,visual,versicolor,3.1,6.7
P67,T67,visual,versicolor,3.0,5.6
P68,T68,visual,versicolor,2.7,5.8
P69,T69,visual,versicolor,2.2,6.2
P70,T70,visual,versicolor,2.5,5.6
P71,T71,visual,versicolor,3.2,5.9
P72,T72,visual,versicolor,2.8,6.1
P73,T73,visual,versicolor,2.5,6.3
P74,T74,visual,versicolor,2.8,6.1
P75,T75,visual,versicolor,2.9,6.4
P76,T76,visual,versicolor,3.0,6.6
P77,T77,visual,versicolor,2.8,6.8
P78,T78,visual,versicolor,3.0,6.7
P79,T79,visual,versicolor,2.9,6.0
P80,T80,visual,versicolor,2.6,5.7
P81,T81,visual,versicolor,2.4,5.5
P82,T82,visual,versicolor,2.4,5.5
P83,T83,visual,versicolor,2.7,5.8
P84,T84,visual,versicolor,2.7,6.0
P85,T85,visual,versicolor,3.0,5.4
P86,T86,visual,versicolor,3.4,6.0
P87,T87,visual,versicolor,3.1,6.7
P88,T88,visual,versicolor,2.3,6.3
P89,T89,visual,versicolor,3.0,5.6
P90,T90,visual,versicolor,2.5,5.5
P91,T91,visual,versicolor,2.6,5.5
P92,T92,visual,versicolor,3.0,6.1
P93,T93,visual,versicolor,2.6,5.8
P94,T94,visual,versicolor,2.3,5.0
P95,T95,visual,versicolor,2.7,5.6
P96,T96,visual,versicolor,3.0,5.7
P97,T97,visual,versicolor,2.9,5.7
P98,T98,visual,versicolor,2.9,6.2
P99,T99,visual,versicolor,2.5,5.1
P100,T100,visual,versicolor,2.8,5.7
P101,T101,visual,virginica,3.3,6.3
P102,T102,visual,virginica,2.7,5.8
P103,T103,visual,virginica,3.0,7.1
P104,T104,visual,virginica,2.9,6.3
P105,T105,visual,virginica,3.0,6.5
P106,T106,visual,virginica,3.0,7.6
P107,T107,visual,virginica,2.5,4.9
P108,T108,visual,virginica,2.9,7.3
P109,T109,visual,virginica,2.5,6.7
P110,T110,visual,virginica,3.6,7.2
P111,T111,visual,virginica,3.2,6.5
P112,T112,visual,virginica,2.7,6.4
P113,T113,visual,virginica,3.0,6.8
P114,T114,visual,virginica,2.5,5.7
P115,T115,visual,virginica,2.8,5.8
P116,T116,visual,virginica,3.2,6.4
P117,T117,visual,virginica,3.0,6.5
P118,T118,visual,virginica,3.8,7.7
P119,T119,visual,virginica,2.6,7.7
P120,T120,visual,virginica,2.2,6.0
P121,T121,visual,virginica,3.2,6.9
P122,T122,visual,virginica,2.8,5.6
P123,T123,visual,virginica,2.8,7.7
P124,T124,visual,virginica,2.7,6.3
P125,T125,visual,virginica,3.3,6.7
P126,T126,visual,virginica,3.2,7.2
P127,T127,visual,virginica,2.8,6.2
P128,T128,visual,virginica,3.0,6.1
P129,T129,visual,virginica,2.8,6.4
P130,T130,visual,virginica,3.0,7.2
P131,T131,visual,virginica,2.8,7.4
P132,T132,visual,virginica,3.8,7.9
P133,T133,visual,virginica,2.8,6.4
P134,T134,visual,virginica,2.8,6.3
P135,T135,visual,virginica,2.6,6.1
P136,T136,visual,virginica,3.0,7.7
P137,T137,visual,virginica,3.4,6.3
P138,T138,visual,virginica,3.1,6.4
P139,T139,visual,virginica,3.0,6.0
P140,T140,visual,virginica,3.1,6.9
P141,T141,visual,virginica,3.1,6.7
P142,T142,visual,virginica,3.1,6.9
P143,T143,visual,virginica,2.7,5.8
P144,T144,visual,virginica,3.2,6.8
P145,T145,visual,virginica,3.3,6.7
P146,T146,visual,virginica,3.0,6.7
P147,T147,visual,virginica,2.5,6.3
P148,T148,visual,virginica,3.0,6.5
P149,T149,visual,virginica,3.4,6.2
P150,T150,visual,virginica,3.0,5.9
