model,num_policies,schedule,baseline_type,task,step,step_start_utc,rollout_done_utc,step_done_utc,rollout_s,update_s,step_wall_s,run_id,source_run_dir
Qwen3-4B,3,sequential,measured,grpo_a,1,2026-05-09T04:32:52Z,2026-05-09T04:35:28Z,2026-05-09T04:35:59Z,156.0,31.0,187.0,e2_4b_sequential_grpo3_v2_lockaddlora_worker2_20260509T043000Z,/root/docs/paper/MinT-Closing/runs0508/runs/e2_4b_sequential_grpo3_v2_lockaddlora_worker2_20260509T043000Z
Qwen3-4B,3,sequential,measured,grpo_a,2,2026-05-09T04:35:59Z,2026-05-09T04:37:57Z,2026-05-09T04:38:32Z,118.0,35.0,153.0,e2_4b_sequential_grpo3_v2_lockaddlora_worker2_20260509T043000Z,/root/docs/paper/MinT-Closing/runs0508/runs/e2_4b_sequential_grpo3_v2_lockaddlora_worker2_20260509T043000Z
Qwen3-4B,3,sequential,measured,grpo_a,3,2026-05-09T04:38:32Z,2026-05-09T04:40:31Z,2026-05-09T04:41:04Z,119.0,33.0,152.0,e2_4b_sequential_grpo3_v2_lockaddlora_worker2_20260509T043000Z,/root/docs/paper/MinT-Closing/runs0508/runs/e2_4b_sequential_grpo3_v2_lockaddlora_worker2_20260509T043000Z
Qwen3-4B,3,sequential,measured,grpo_a,4,2026-05-09T04:41:04Z,2026-05-09T04:43:02Z,2026-05-09T04:43:38Z,118.0,36.0,154.0,e2_4b_sequential_grpo3_v2_lockaddlora_worker2_20260509T043000Z,/root/docs/paper/MinT-Closing/runs0508/runs/e2_4b_sequential_grpo3_v2_lockaddlora_worker2_20260509T043000Z
Qwen3-4B,3,sequential,measured,grpo_a,5,2026-05-09T04:43:38Z,2026-05-09T04:45:37Z,2026-05-09T04:46:11Z,119.0,34.0,153.0,e2_4b_sequential_grpo3_v2_lockaddlora_worker2_20260509T043000Z,/root/docs/paper/MinT-Closing/runs0508/runs/e2_4b_sequential_grpo3_v2_lockaddlora_worker2_20260509T043000Z
Qwen3-4B,3,sequential,measured,grpo_b,1,2026-05-09T04:50:49Z,2026-05-09T04:52:47Z,2026-05-09T04:53:20Z,118.0,33.0,151.0,e2_4b_sequential_grpo3_v2_lockaddlora_worker2_20260509T043000Z,/root/docs/paper/MinT-Closing/runs0508/runs/e2_4b_sequential_grpo3_v2_lockaddlora_worker2_20260509T043000Z
Qwen3-4B,3,sequential,measured,grpo_b,2,2026-05-09T04:53:20Z,2026-05-09T04:55:18Z,2026-05-09T04:55:54Z,118.0,36.0,154.0,e2_4b_sequential_grpo3_v2_lockaddlora_worker2_20260509T043000Z,/root/docs/paper/MinT-Closing/runs0508/runs/e2_4b_sequential_grpo3_v2_lockaddlora_worker2_20260509T043000Z
Qwen3-4B,3,sequential,measured,grpo_b,3,2026-05-09T04:55:54Z,2026-05-09T04:57:52Z,2026-05-09T04:58:27Z,118.0,35.0,153.0,e2_4b_sequential_grpo3_v2_lockaddlora_worker2_20260509T043000Z,/root/docs/paper/MinT-Closing/runs0508/runs/e2_4b_sequential_grpo3_v2_lockaddlora_worker2_20260509T043000Z
Qwen3-4B,3,sequential,measured,grpo_b,4,2026-05-09T04:58:27Z,2026-05-09T05:00:25Z,2026-05-09T05:00:57Z,118.0,32.0,150.0,e2_4b_sequential_grpo3_v2_lockaddlora_worker2_20260509T043000Z,/root/docs/paper/MinT-Closing/runs0508/runs/e2_4b_sequential_grpo3_v2_lockaddlora_worker2_20260509T043000Z
Qwen3-4B,3,sequential,measured,grpo_b,5,2026-05-09T05:00:57Z,2026-05-09T05:02:53Z,2026-05-09T05:03:26Z,116.0,33.0,149.0,e2_4b_sequential_grpo3_v2_lockaddlora_worker2_20260509T043000Z,/root/docs/paper/MinT-Closing/runs0508/runs/e2_4b_sequential_grpo3_v2_lockaddlora_worker2_20260509T043000Z
Qwen3-4B,3,sequential,measured,grpo_c,1,2026-05-09T05:07:35Z,2026-05-09T05:09:31Z,2026-05-09T05:10:03Z,116.0,32.0,148.0,e2_4b_sequential_grpo3_v2_lockaddlora_worker2_20260509T043000Z,/root/docs/paper/MinT-Closing/runs0508/runs/e2_4b_sequential_grpo3_v2_lockaddlora_worker2_20260509T043000Z
Qwen3-4B,3,sequential,measured,grpo_c,2,2026-05-09T05:10:03Z,2026-05-09T05:11:58Z,2026-05-09T05:12:35Z,115.0,37.0,152.0,e2_4b_sequential_grpo3_v2_lockaddlora_worker2_20260509T043000Z,/root/docs/paper/MinT-Closing/runs0508/runs/e2_4b_sequential_grpo3_v2_lockaddlora_worker2_20260509T043000Z
Qwen3-4B,3,sequential,measured,grpo_c,3,2026-05-09T05:12:35Z,2026-05-09T05:14:31Z,2026-05-09T05:15:06Z,116.0,35.0,151.0,e2_4b_sequential_grpo3_v2_lockaddlora_worker2_20260509T043000Z,/root/docs/paper/MinT-Closing/runs0508/runs/e2_4b_sequential_grpo3_v2_lockaddlora_worker2_20260509T043000Z
Qwen3-4B,3,sequential,measured,grpo_c,4,2026-05-09T05:15:06Z,2026-05-09T05:17:02Z,2026-05-09T05:17:33Z,116.0,31.0,147.0,e2_4b_sequential_grpo3_v2_lockaddlora_worker2_20260509T043000Z,/root/docs/paper/MinT-Closing/runs0508/runs/e2_4b_sequential_grpo3_v2_lockaddlora_worker2_20260509T043000Z
Qwen3-4B,3,sequential,measured,grpo_c,5,2026-05-09T05:17:33Z,2026-05-09T05:19:29Z,2026-05-09T05:20:01Z,116.0,32.0,148.0,e2_4b_sequential_grpo3_v2_lockaddlora_worker2_20260509T043000Z,/root/docs/paper/MinT-Closing/runs0508/runs/e2_4b_sequential_grpo3_v2_lockaddlora_worker2_20260509T043000Z
Qwen3-4B,3,concurrent,measured,grpo_a,1,2026-05-09T03:17:18Z,2026-05-09T03:20:01Z,2026-05-09T03:21:43Z,163.0,102.0,265.0,e2_4b_concurrent_grpo3_v2_cap192full_worker2_20260509T0316Z,/root/docs/paper/MinT-Closing/runs0508/runs/e2_4b_concurrent_grpo3_v2_cap192full_worker2_20260509T0316Z
Qwen3-4B,3,concurrent,measured,grpo_a,2,2026-05-09T03:21:43Z,2026-05-09T03:23:46Z,2026-05-09T03:25:39Z,123.0,113.0,236.0,e2_4b_concurrent_grpo3_v2_cap192full_worker2_20260509T0316Z,/root/docs/paper/MinT-Closing/runs0508/runs/e2_4b_concurrent_grpo3_v2_cap192full_worker2_20260509T0316Z
Qwen3-4B,3,concurrent,measured,grpo_a,3,2026-05-09T03:25:39Z,2026-05-09T03:27:42Z,2026-05-09T03:29:33Z,123.0,111.0,234.0,e2_4b_concurrent_grpo3_v2_cap192full_worker2_20260509T0316Z,/root/docs/paper/MinT-Closing/runs0508/runs/e2_4b_concurrent_grpo3_v2_cap192full_worker2_20260509T0316Z
Qwen3-4B,3,concurrent,measured,grpo_a,4,2026-05-09T03:29:33Z,2026-05-09T03:31:36Z,2026-05-09T03:33:20Z,123.0,104.0,227.0,e2_4b_concurrent_grpo3_v2_cap192full_worker2_20260509T0316Z,/root/docs/paper/MinT-Closing/runs0508/runs/e2_4b_concurrent_grpo3_v2_cap192full_worker2_20260509T0316Z
Qwen3-4B,3,concurrent,measured,grpo_a,5,2026-05-09T03:33:20Z,2026-05-09T03:35:22Z,2026-05-09T03:37:11Z,122.0,109.0,231.0,e2_4b_concurrent_grpo3_v2_cap192full_worker2_20260509T0316Z,/root/docs/paper/MinT-Closing/runs0508/runs/e2_4b_concurrent_grpo3_v2_cap192full_worker2_20260509T0316Z
Qwen3-4B,3,concurrent,measured,grpo_b,1,2026-05-09T03:17:18Z,2026-05-09T03:20:00Z,2026-05-09T03:21:47Z,162.0,107.0,269.0,e2_4b_concurrent_grpo3_v2_cap192full_worker2_20260509T0316Z,/root/docs/paper/MinT-Closing/runs0508/runs/e2_4b_concurrent_grpo3_v2_cap192full_worker2_20260509T0316Z
Qwen3-4B,3,concurrent,measured,grpo_b,2,2026-05-09T03:21:47Z,2026-05-09T03:23:49Z,2026-05-09T03:25:42Z,122.0,113.0,235.0,e2_4b_concurrent_grpo3_v2_cap192full_worker2_20260509T0316Z,/root/docs/paper/MinT-Closing/runs0508/runs/e2_4b_concurrent_grpo3_v2_cap192full_worker2_20260509T0316Z
Qwen3-4B,3,concurrent,measured,grpo_b,3,2026-05-09T03:25:42Z,2026-05-09T03:27:45Z,2026-05-09T03:29:36Z,123.0,111.0,234.0,e2_4b_concurrent_grpo3_v2_cap192full_worker2_20260509T0316Z,/root/docs/paper/MinT-Closing/runs0508/runs/e2_4b_concurrent_grpo3_v2_cap192full_worker2_20260509T0316Z
Qwen3-4B,3,concurrent,measured,grpo_b,4,2026-05-09T03:29:36Z,2026-05-09T03:31:40Z,2026-05-09T03:33:24Z,124.0,104.0,228.0,e2_4b_concurrent_grpo3_v2_cap192full_worker2_20260509T0316Z,/root/docs/paper/MinT-Closing/runs0508/runs/e2_4b_concurrent_grpo3_v2_cap192full_worker2_20260509T0316Z
Qwen3-4B,3,concurrent,measured,grpo_b,5,2026-05-09T03:33:24Z,2026-05-09T03:35:26Z,2026-05-09T03:37:14Z,122.0,108.0,230.0,e2_4b_concurrent_grpo3_v2_cap192full_worker2_20260509T0316Z,/root/docs/paper/MinT-Closing/runs0508/runs/e2_4b_concurrent_grpo3_v2_cap192full_worker2_20260509T0316Z
Qwen3-4B,3,concurrent,measured,grpo_c,1,2026-05-09T03:17:18Z,2026-05-09T03:19:58Z,2026-05-09T03:21:50Z,160.0,112.0,272.0,e2_4b_concurrent_grpo3_v2_cap192full_worker2_20260509T0316Z,/root/docs/paper/MinT-Closing/runs0508/runs/e2_4b_concurrent_grpo3_v2_cap192full_worker2_20260509T0316Z
Qwen3-4B,3,concurrent,measured,grpo_c,2,2026-05-09T03:21:50Z,2026-05-09T03:24:09Z,2026-05-09T03:25:44Z,139.0,95.0,234.0,e2_4b_concurrent_grpo3_v2_cap192full_worker2_20260509T0316Z,/root/docs/paper/MinT-Closing/runs0508/runs/e2_4b_concurrent_grpo3_v2_cap192full_worker2_20260509T0316Z
Qwen3-4B,3,concurrent,measured,grpo_c,3,2026-05-09T03:25:44Z,2026-05-09T03:27:47Z,2026-05-09T03:29:38Z,123.0,111.0,234.0,e2_4b_concurrent_grpo3_v2_cap192full_worker2_20260509T0316Z,/root/docs/paper/MinT-Closing/runs0508/runs/e2_4b_concurrent_grpo3_v2_cap192full_worker2_20260509T0316Z
Qwen3-4B,3,concurrent,measured,grpo_c,4,2026-05-09T03:29:38Z,2026-05-09T03:31:41Z,2026-05-09T03:33:25Z,123.0,104.0,227.0,e2_4b_concurrent_grpo3_v2_cap192full_worker2_20260509T0316Z,/root/docs/paper/MinT-Closing/runs0508/runs/e2_4b_concurrent_grpo3_v2_cap192full_worker2_20260509T0316Z
Qwen3-4B,3,concurrent,measured,grpo_c,5,2026-05-09T03:33:25Z,2026-05-09T03:35:26Z,2026-05-09T03:37:19Z,121.0,113.0,234.0,e2_4b_concurrent_grpo3_v2_cap192full_worker2_20260509T0316Z,/root/docs/paper/MinT-Closing/runs0508/runs/e2_4b_concurrent_grpo3_v2_cap192full_worker2_20260509T0316Z
Qwen3-4B,5,concurrent,measured,grpo_a,1,2026-05-09T08:11:59Z,2026-05-09T08:16:38Z,2026-05-09T08:18:12Z,279.0,94.0,373.0,e2_4b_concurrent_grpo5_oldlock_worker2_20260509T081128Z,/root/docs/paper/MinT-Closing/session-n-sweep-20260509/runs/e2_4b_concurrent_grpo5_oldlock_worker2_20260509T081128Z
Qwen3-4B,5,concurrent,measured,grpo_a,2,2026-05-09T08:18:12Z,2026-05-09T08:22:06Z,2026-05-09T08:23:54Z,234.0,108.0,342.0,e2_4b_concurrent_grpo5_oldlock_worker2_20260509T081128Z,/root/docs/paper/MinT-Closing/session-n-sweep-20260509/runs/e2_4b_concurrent_grpo5_oldlock_worker2_20260509T081128Z
Qwen3-4B,5,concurrent,measured,grpo_a,3,2026-05-09T08:23:54Z,2026-05-09T08:26:55Z,2026-05-09T08:28:55Z,181.0,120.0,301.0,e2_4b_concurrent_grpo5_oldlock_worker2_20260509T081128Z,/root/docs/paper/MinT-Closing/session-n-sweep-20260509/runs/e2_4b_concurrent_grpo5_oldlock_worker2_20260509T081128Z
Qwen3-4B,5,concurrent,measured,grpo_a,4,2026-05-09T08:28:55Z,2026-05-09T08:32:19Z,2026-05-09T08:34:11Z,204.0,112.0,316.0,e2_4b_concurrent_grpo5_oldlock_worker2_20260509T081128Z,/root/docs/paper/MinT-Closing/session-n-sweep-20260509/runs/e2_4b_concurrent_grpo5_oldlock_worker2_20260509T081128Z
Qwen3-4B,5,concurrent,measured,grpo_a,5,2026-05-09T08:34:11Z,2026-05-09T08:39:13Z,2026-05-09T08:41:20Z,302.0,127.0,429.0,e2_4b_concurrent_grpo5_oldlock_worker2_20260509T081128Z,/root/docs/paper/MinT-Closing/session-n-sweep-20260509/runs/e2_4b_concurrent_grpo5_oldlock_worker2_20260509T081128Z
Qwen3-4B,5,concurrent,measured,grpo_b,1,2026-05-09T08:11:59Z,2026-05-09T08:14:48Z,2026-05-09T08:18:03Z,169.0,195.0,364.0,e2_4b_concurrent_grpo5_oldlock_worker2_20260509T081128Z,/root/docs/paper/MinT-Closing/session-n-sweep-20260509/runs/e2_4b_concurrent_grpo5_oldlock_worker2_20260509T081128Z
Qwen3-4B,5,concurrent,measured,grpo_b,2,2026-05-09T08:18:03Z,2026-05-09T08:20:12Z,2026-05-09T08:22:43Z,129.0,151.0,280.0,e2_4b_concurrent_grpo5_oldlock_worker2_20260509T081128Z,/root/docs/paper/MinT-Closing/session-n-sweep-20260509/runs/e2_4b_concurrent_grpo5_oldlock_worker2_20260509T081128Z
Qwen3-4B,5,concurrent,measured,grpo_b,3,2026-05-09T08:22:43Z,2026-05-09T08:24:59Z,2026-05-09T08:27:03Z,136.0,124.0,260.0,e2_4b_concurrent_grpo5_oldlock_worker2_20260509T081128Z,/root/docs/paper/MinT-Closing/session-n-sweep-20260509/runs/e2_4b_concurrent_grpo5_oldlock_worker2_20260509T081128Z
Qwen3-4B,5,concurrent,measured,grpo_b,4,2026-05-09T08:27:03Z,2026-05-09T08:29:34Z,2026-05-09T08:33:00Z,151.0,206.0,357.0,e2_4b_concurrent_grpo5_oldlock_worker2_20260509T081128Z,/root/docs/paper/MinT-Closing/session-n-sweep-20260509/runs/e2_4b_concurrent_grpo5_oldlock_worker2_20260509T081128Z
Qwen3-4B,5,concurrent,measured,grpo_b,5,2026-05-09T08:33:00Z,2026-05-09T08:36:41Z,2026-05-09T08:39:23Z,221.0,162.0,383.0,e2_4b_concurrent_grpo5_oldlock_worker2_20260509T081128Z,/root/docs/paper/MinT-Closing/session-n-sweep-20260509/runs/e2_4b_concurrent_grpo5_oldlock_worker2_20260509T081128Z
Qwen3-4B,5,concurrent,measured,grpo_c,1,2026-05-09T08:11:59Z,2026-05-09T08:14:46Z,2026-05-09T08:18:11Z,167.0,205.0,372.0,e2_4b_concurrent_grpo5_oldlock_worker2_20260509T081128Z,/root/docs/paper/MinT-Closing/session-n-sweep-20260509/runs/e2_4b_concurrent_grpo5_oldlock_worker2_20260509T081128Z
Qwen3-4B,5,concurrent,measured,grpo_c,2,2026-05-09T08:18:11Z,2026-05-09T08:21:56Z,2026-05-09T08:23:51Z,225.0,115.0,340.0,e2_4b_concurrent_grpo5_oldlock_worker2_20260509T081128Z,/root/docs/paper/MinT-Closing/session-n-sweep-20260509/runs/e2_4b_concurrent_grpo5_oldlock_worker2_20260509T081128Z
Qwen3-4B,5,concurrent,measured,grpo_c,3,2026-05-09T08:23:51Z,2026-05-09T08:26:31Z,2026-05-09T08:28:52Z,160.0,141.0,301.0,e2_4b_concurrent_grpo5_oldlock_worker2_20260509T081128Z,/root/docs/paper/MinT-Closing/session-n-sweep-20260509/runs/e2_4b_concurrent_grpo5_oldlock_worker2_20260509T081128Z
Qwen3-4B,5,concurrent,measured,grpo_c,4,2026-05-09T08:28:52Z,2026-05-09T08:31:32Z,2026-05-09T08:34:11Z,160.0,159.0,319.0,e2_4b_concurrent_grpo5_oldlock_worker2_20260509T081128Z,/root/docs/paper/MinT-Closing/session-n-sweep-20260509/runs/e2_4b_concurrent_grpo5_oldlock_worker2_20260509T081128Z
Qwen3-4B,5,concurrent,measured,grpo_c,5,2026-05-09T08:34:11Z,2026-05-09T08:37:57Z,2026-05-09T08:41:06Z,226.0,189.0,415.0,e2_4b_concurrent_grpo5_oldlock_worker2_20260509T081128Z,/root/docs/paper/MinT-Closing/session-n-sweep-20260509/runs/e2_4b_concurrent_grpo5_oldlock_worker2_20260509T081128Z
Qwen3-4B,5,concurrent,measured,grpo_d,1,2026-05-09T08:11:59Z,2026-05-09T08:14:47Z,2026-05-09T08:18:07Z,168.0,200.0,368.0,e2_4b_concurrent_grpo5_oldlock_worker2_20260509T081128Z,/root/docs/paper/MinT-Closing/session-n-sweep-20260509/runs/e2_4b_concurrent_grpo5_oldlock_worker2_20260509T081128Z
Qwen3-4B,5,concurrent,measured,grpo_d,2,2026-05-09T08:18:07Z,2026-05-09T08:20:13Z,2026-05-09T08:22:49Z,126.0,156.0,282.0,e2_4b_concurrent_grpo5_oldlock_worker2_20260509T081128Z,/root/docs/paper/MinT-Closing/session-n-sweep-20260509/runs/e2_4b_concurrent_grpo5_oldlock_worker2_20260509T081128Z
Qwen3-4B,5,concurrent,measured,grpo_d,3,2026-05-09T08:22:49Z,2026-05-09T08:25:00Z,2026-05-09T08:27:26Z,131.0,146.0,277.0,e2_4b_concurrent_grpo5_oldlock_worker2_20260509T081128Z,/root/docs/paper/MinT-Closing/session-n-sweep-20260509/runs/e2_4b_concurrent_grpo5_oldlock_worker2_20260509T081128Z
Qwen3-4B,5,concurrent,measured,grpo_d,4,2026-05-09T08:27:26Z,2026-05-09T08:30:53Z,2026-05-09T08:33:43Z,207.0,170.0,377.0,e2_4b_concurrent_grpo5_oldlock_worker2_20260509T081128Z,/root/docs/paper/MinT-Closing/session-n-sweep-20260509/runs/e2_4b_concurrent_grpo5_oldlock_worker2_20260509T081128Z
Qwen3-4B,5,concurrent,measured,grpo_d,5,2026-05-09T08:33:43Z,2026-05-09T08:37:33Z,2026-05-09T08:40:54Z,230.0,201.0,431.0,e2_4b_concurrent_grpo5_oldlock_worker2_20260509T081128Z,/root/docs/paper/MinT-Closing/session-n-sweep-20260509/runs/e2_4b_concurrent_grpo5_oldlock_worker2_20260509T081128Z
Qwen3-4B,5,concurrent,measured,grpo_e,1,2026-05-09T08:11:59Z,2026-05-09T08:14:49Z,2026-05-09T08:18:12Z,170.0,203.0,373.0,e2_4b_concurrent_grpo5_oldlock_worker2_20260509T081128Z,/root/docs/paper/MinT-Closing/session-n-sweep-20260509/runs/e2_4b_concurrent_grpo5_oldlock_worker2_20260509T081128Z
Qwen3-4B,5,concurrent,measured,grpo_e,2,2026-05-09T08:18:12Z,2026-05-09T08:20:19Z,2026-05-09T08:23:51Z,127.0,212.0,339.0,e2_4b_concurrent_grpo5_oldlock_worker2_20260509T081128Z,/root/docs/paper/MinT-Closing/session-n-sweep-20260509/runs/e2_4b_concurrent_grpo5_oldlock_worker2_20260509T081128Z
Qwen3-4B,5,concurrent,measured,grpo_e,3,2026-05-09T08:23:51Z,2026-05-09T08:26:00Z,2026-05-09T08:27:53Z,129.0,113.0,242.0,e2_4b_concurrent_grpo5_oldlock_worker2_20260509T081128Z,/root/docs/paper/MinT-Closing/session-n-sweep-20260509/runs/e2_4b_concurrent_grpo5_oldlock_worker2_20260509T081128Z
Qwen3-4B,5,concurrent,measured,grpo_e,4,2026-05-09T08:27:53Z,2026-05-09T08:31:06Z,2026-05-09T08:34:10Z,193.0,184.0,377.0,e2_4b_concurrent_grpo5_oldlock_worker2_20260509T081128Z,/root/docs/paper/MinT-Closing/session-n-sweep-20260509/runs/e2_4b_concurrent_grpo5_oldlock_worker2_20260509T081128Z
Qwen3-4B,5,concurrent,measured,grpo_e,5,2026-05-09T08:34:10Z,2026-05-09T08:37:34Z,2026-05-09T08:40:19Z,204.0,165.0,369.0,e2_4b_concurrent_grpo5_oldlock_worker2_20260509T081128Z,/root/docs/paper/MinT-Closing/session-n-sweep-20260509/runs/e2_4b_concurrent_grpo5_oldlock_worker2_20260509T081128Z
Qwen3-4B,7,concurrent,measured,grpo_a,1,2026-05-09T08:29:14Z,2026-05-09T08:32:05Z,2026-05-09T08:37:41Z,171.0,336.0,507.0,e2_4b_concurrent_grpo7_oldlock_worker4_20260509T082837Z,/root/docs/paper/MinT-Closing/session-n-sweep-20260509/runs/e2_4b_concurrent_grpo7_oldlock_worker4_20260509T082837Z
Qwen3-4B,7,concurrent,measured,grpo_a,2,2026-05-09T08:37:41Z,2026-05-09T08:39:50Z,2026-05-09T08:44:43Z,129.0,293.0,422.0,e2_4b_concurrent_grpo7_oldlock_worker4_20260509T082837Z,/root/docs/paper/MinT-Closing/session-n-sweep-20260509/runs/e2_4b_concurrent_grpo7_oldlock_worker4_20260509T082837Z
Qwen3-4B,7,concurrent,measured,grpo_a,3,2026-05-09T08:44:43Z,2026-05-09T08:48:15Z,2026-05-09T08:54:31Z,212.0,376.0,588.0,e2_4b_concurrent_grpo7_oldlock_worker4_20260509T082837Z,/root/docs/paper/MinT-Closing/session-n-sweep-20260509/runs/e2_4b_concurrent_grpo7_oldlock_worker4_20260509T082837Z
Qwen3-4B,7,concurrent,measured,grpo_a,4,2026-05-09T08:54:31Z,2026-05-09T08:56:56Z,2026-05-09T09:02:42Z,145.0,346.0,491.0,e2_4b_concurrent_grpo7_oldlock_worker4_20260509T082837Z,/root/docs/paper/MinT-Closing/session-n-sweep-20260509/runs/e2_4b_concurrent_grpo7_oldlock_worker4_20260509T082837Z
Qwen3-4B,7,concurrent,measured,grpo_a,5,2026-05-09T09:02:42Z,2026-05-09T09:07:11Z,2026-05-09T09:14:00Z,269.0,409.0,678.0,e2_4b_concurrent_grpo7_oldlock_worker4_20260509T082837Z,/root/docs/paper/MinT-Closing/session-n-sweep-20260509/runs/e2_4b_concurrent_grpo7_oldlock_worker4_20260509T082837Z
Qwen3-4B,7,concurrent,measured,grpo_b,1,2026-05-09T08:29:14Z,2026-05-09T08:34:01Z,2026-05-09T08:39:46Z,287.0,345.0,632.0,e2_4b_concurrent_grpo7_oldlock_worker4_20260509T082837Z,/root/docs/paper/MinT-Closing/session-n-sweep-20260509/runs/e2_4b_concurrent_grpo7_oldlock_worker4_20260509T082837Z
Qwen3-4B,7,concurrent,measured,grpo_b,2,2026-05-09T08:39:46Z,2026-05-09T08:43:44Z,2026-05-09T08:46:12Z,238.0,148.0,386.0,e2_4b_concurrent_grpo7_oldlock_worker4_20260509T082837Z,/root/docs/paper/MinT-Closing/session-n-sweep-20260509/runs/e2_4b_concurrent_grpo7_oldlock_worker4_20260509T082837Z
Qwen3-4B,7,concurrent,measured,grpo_b,3,2026-05-09T08:46:12Z,2026-05-09T08:50:45Z,2026-05-09T08:55:26Z,273.0,281.0,554.0,e2_4b_concurrent_grpo7_oldlock_worker4_20260509T082837Z,/root/docs/paper/MinT-Closing/session-n-sweep-20260509/runs/e2_4b_concurrent_grpo7_oldlock_worker4_20260509T082837Z
Qwen3-4B,7,concurrent,measured,grpo_b,4,2026-05-09T08:55:26Z,2026-05-09T08:58:51Z,2026-05-09T09:03:44Z,205.0,293.0,498.0,e2_4b_concurrent_grpo7_oldlock_worker4_20260509T082837Z,/root/docs/paper/MinT-Closing/session-n-sweep-20260509/runs/e2_4b_concurrent_grpo7_oldlock_worker4_20260509T082837Z
Qwen3-4B,7,concurrent,measured,grpo_b,5,2026-05-09T09:03:44Z,2026-05-09T09:10:36Z,2026-05-09T09:15:10Z,412.0,274.0,686.0,e2_4b_concurrent_grpo7_oldlock_worker4_20260509T082837Z,/root/docs/paper/MinT-Closing/session-n-sweep-20260509/runs/e2_4b_concurrent_grpo7_oldlock_worker4_20260509T082837Z
Qwen3-4B,7,concurrent,measured,grpo_c,1,2026-05-09T08:29:14Z,2026-05-09T08:35:50Z,2026-05-09T08:39:48Z,396.0,238.0,634.0,e2_4b_concurrent_grpo7_oldlock_worker4_20260509T082837Z,/root/docs/paper/MinT-Closing/session-n-sweep-20260509/runs/e2_4b_concurrent_grpo7_oldlock_worker4_20260509T082837Z
Qwen3-4B,7,concurrent,measured,grpo_c,2,2026-05-09T08:39:48Z,2026-05-09T08:43:47Z,2026-05-09T08:46:35Z,239.0,168.0,407.0,e2_4b_concurrent_grpo7_oldlock_worker4_20260509T082837Z,/root/docs/paper/MinT-Closing/session-n-sweep-20260509/runs/e2_4b_concurrent_grpo7_oldlock_worker4_20260509T082837Z
Qwen3-4B,7,concurrent,measured,grpo_c,3,2026-05-09T08:46:35Z,2026-05-09T08:52:33Z,2026-05-09T08:55:29Z,358.0,176.0,534.0,e2_4b_concurrent_grpo7_oldlock_worker4_20260509T082837Z,/root/docs/paper/MinT-Closing/session-n-sweep-20260509/runs/e2_4b_concurrent_grpo7_oldlock_worker4_20260509T082837Z
Qwen3-4B,7,concurrent,measured,grpo_c,4,2026-05-09T08:55:29Z,2026-05-09T09:00:23Z,2026-05-09T09:04:02Z,294.0,219.0,513.0,e2_4b_concurrent_grpo7_oldlock_worker4_20260509T082837Z,/root/docs/paper/MinT-Closing/session-n-sweep-20260509/runs/e2_4b_concurrent_grpo7_oldlock_worker4_20260509T082837Z
Qwen3-4B,7,concurrent,measured,grpo_c,5,2026-05-09T09:04:02Z,2026-05-09T09:11:57Z,2026-05-09T09:15:30Z,475.0,213.0,688.0,e2_4b_concurrent_grpo7_oldlock_worker4_20260509T082837Z,/root/docs/paper/MinT-Closing/session-n-sweep-20260509/runs/e2_4b_concurrent_grpo7_oldlock_worker4_20260509T082837Z
Qwen3-4B,7,concurrent,measured,grpo_d,1,2026-05-09T08:29:14Z,2026-05-09T08:34:01Z,2026-05-09T08:39:42Z,287.0,341.0,628.0,e2_4b_concurrent_grpo7_oldlock_worker4_20260509T082837Z,/root/docs/paper/MinT-Closing/session-n-sweep-20260509/runs/e2_4b_concurrent_grpo7_oldlock_worker4_20260509T082837Z
Qwen3-4B,7,concurrent,measured,grpo_d,2,2026-05-09T08:39:42Z,2026-05-09T08:41:53Z,2026-05-09T08:46:06Z,131.0,253.0,384.0,e2_4b_concurrent_grpo7_oldlock_worker4_20260509T082837Z,/root/docs/paper/MinT-Closing/session-n-sweep-20260509/runs/e2_4b_concurrent_grpo7_oldlock_worker4_20260509T082837Z
Qwen3-4B,7,concurrent,measured,grpo_d,3,2026-05-09T08:46:06Z,2026-05-09T08:50:45Z,2026-05-09T08:55:13Z,279.0,268.0,547.0,e2_4b_concurrent_grpo7_oldlock_worker4_20260509T082837Z,/root/docs/paper/MinT-Closing/session-n-sweep-20260509/runs/e2_4b_concurrent_grpo7_oldlock_worker4_20260509T082837Z
Qwen3-4B,7,concurrent,measured,grpo_d,4,2026-05-09T08:55:13Z,2026-05-09T08:58:32Z,2026-05-09T09:03:14Z,199.0,282.0,481.0,e2_4b_concurrent_grpo7_oldlock_worker4_20260509T082837Z,/root/docs/paper/MinT-Closing/session-n-sweep-20260509/runs/e2_4b_concurrent_grpo7_oldlock_worker4_20260509T082837Z
Qwen3-4B,7,concurrent,measured,grpo_d,5,2026-05-09T09:03:14Z,2026-05-09T09:10:06Z,2026-05-09T09:14:58Z,412.0,292.0,704.0,e2_4b_concurrent_grpo7_oldlock_worker4_20260509T082837Z,/root/docs/paper/MinT-Closing/session-n-sweep-20260509/runs/e2_4b_concurrent_grpo7_oldlock_worker4_20260509T082837Z
Qwen3-4B,7,concurrent,measured,grpo_e,1,2026-05-09T08:29:14Z,2026-05-09T08:32:02Z,2026-05-09T08:37:38Z,168.0,336.0,504.0,e2_4b_concurrent_grpo7_oldlock_worker4_20260509T082837Z,/root/docs/paper/MinT-Closing/session-n-sweep-20260509/runs/e2_4b_concurrent_grpo7_oldlock_worker4_20260509T082837Z
Qwen3-4B,7,concurrent,measured,grpo_e,2,2026-05-09T08:37:38Z,2026-05-09T08:39:49Z,2026-05-09T08:44:40Z,131.0,291.0,422.0,e2_4b_concurrent_grpo7_oldlock_worker4_20260509T082837Z,/root/docs/paper/MinT-Closing/session-n-sweep-20260509/runs/e2_4b_concurrent_grpo7_oldlock_worker4_20260509T082837Z
Qwen3-4B,7,concurrent,measured,grpo_e,3,2026-05-09T08:44:40Z,2026-05-09T08:47:09Z,2026-05-09T08:54:27Z,149.0,438.0,587.0,e2_4b_concurrent_grpo7_oldlock_worker4_20260509T082837Z,/root/docs/paper/MinT-Closing/session-n-sweep-20260509/runs/e2_4b_concurrent_grpo7_oldlock_worker4_20260509T082837Z
Qwen3-4B,7,concurrent,measured,grpo_e,4,2026-05-09T08:54:27Z,2026-05-09T08:56:33Z,2026-05-09T09:02:38Z,126.0,365.0,491.0,e2_4b_concurrent_grpo7_oldlock_worker4_20260509T082837Z,/root/docs/paper/MinT-Closing/session-n-sweep-20260509/runs/e2_4b_concurrent_grpo7_oldlock_worker4_20260509T082837Z
Qwen3-4B,7,concurrent,measured,grpo_e,5,2026-05-09T09:02:38Z,2026-05-09T09:05:17Z,2026-05-09T09:13:55Z,159.0,518.0,677.0,e2_4b_concurrent_grpo7_oldlock_worker4_20260509T082837Z,/root/docs/paper/MinT-Closing/session-n-sweep-20260509/runs/e2_4b_concurrent_grpo7_oldlock_worker4_20260509T082837Z
Qwen3-4B,7,concurrent,measured,grpo_f,1,2026-05-09T08:29:14Z,,2026-05-09T08:37:43Z,,,509.0,e2_4b_concurrent_grpo7_oldlock_worker4_20260509T082837Z,/root/docs/paper/MinT-Closing/session-n-sweep-20260509/runs/e2_4b_concurrent_grpo7_oldlock_worker4_20260509T082837Z
Qwen3-4B,7,concurrent,measured,grpo_f,2,2026-05-09T08:37:43Z,2026-05-09T08:40:26Z,2026-05-09T08:45:05Z,163.0,279.0,442.0,e2_4b_concurrent_grpo7_oldlock_worker4_20260509T082837Z,/root/docs/paper/MinT-Closing/session-n-sweep-20260509/runs/e2_4b_concurrent_grpo7_oldlock_worker4_20260509T082837Z
Qwen3-4B,7,concurrent,measured,grpo_f,3,2026-05-09T08:45:05Z,2026-05-09T08:49:37Z,2026-05-09T08:54:51Z,272.0,314.0,586.0,e2_4b_concurrent_grpo7_oldlock_worker4_20260509T082837Z,/root/docs/paper/MinT-Closing/session-n-sweep-20260509/runs/e2_4b_concurrent_grpo7_oldlock_worker4_20260509T082837Z
Qwen3-4B,7,concurrent,measured,grpo_f,4,2026-05-09T08:54:51Z,2026-05-09T08:58:34Z,2026-05-09T09:03:14Z,223.0,280.0,503.0,e2_4b_concurrent_grpo7_oldlock_worker4_20260509T082837Z,/root/docs/paper/MinT-Closing/session-n-sweep-20260509/runs/e2_4b_concurrent_grpo7_oldlock_worker4_20260509T082837Z
Qwen3-4B,7,concurrent,measured,grpo_f,5,2026-05-09T09:03:14Z,2026-05-09T09:09:00Z,2026-05-09T09:14:28Z,346.0,328.0,674.0,e2_4b_concurrent_grpo7_oldlock_worker4_20260509T082837Z,/root/docs/paper/MinT-Closing/session-n-sweep-20260509/runs/e2_4b_concurrent_grpo7_oldlock_worker4_20260509T082837Z
Qwen3-4B,7,concurrent,measured,grpo_g,1,2026-05-09T08:29:14Z,2026-05-09T08:34:02Z,2026-05-09T08:39:36Z,288.0,334.0,622.0,e2_4b_concurrent_grpo7_oldlock_worker4_20260509T082837Z,/root/docs/paper/MinT-Closing/session-n-sweep-20260509/runs/e2_4b_concurrent_grpo7_oldlock_worker4_20260509T082837Z
Qwen3-4B,7,concurrent,measured,grpo_g,2,2026-05-09T08:39:36Z,2026-05-09T08:41:54Z,2026-05-09T08:46:04Z,138.0,250.0,388.0,e2_4b_concurrent_grpo7_oldlock_worker4_20260509T082837Z,/root/docs/paper/MinT-Closing/session-n-sweep-20260509/runs/e2_4b_concurrent_grpo7_oldlock_worker4_20260509T082837Z
Qwen3-4B,7,concurrent,measured,grpo_g,3,2026-05-09T08:46:04Z,2026-05-09T08:50:46Z,2026-05-09T08:55:18Z,282.0,272.0,554.0,e2_4b_concurrent_grpo7_oldlock_worker4_20260509T082837Z,/root/docs/paper/MinT-Closing/session-n-sweep-20260509/runs/e2_4b_concurrent_grpo7_oldlock_worker4_20260509T082837Z
Qwen3-4B,7,concurrent,measured,grpo_g,4,2026-05-09T08:55:18Z,2026-05-09T08:58:34Z,2026-05-09T09:03:41Z,196.0,307.0,503.0,e2_4b_concurrent_grpo7_oldlock_worker4_20260509T082837Z,/root/docs/paper/MinT-Closing/session-n-sweep-20260509/runs/e2_4b_concurrent_grpo7_oldlock_worker4_20260509T082837Z
Qwen3-4B,7,concurrent,measured,grpo_g,5,2026-05-09T09:03:41Z,2026-05-09T09:10:37Z,2026-05-09T09:15:04Z,416.0,267.0,683.0,e2_4b_concurrent_grpo7_oldlock_worker4_20260509T082837Z,/root/docs/paper/MinT-Closing/session-n-sweep-20260509/runs/e2_4b_concurrent_grpo7_oldlock_worker4_20260509T082837Z
Qwen3-4B,9,concurrent,measured,grpo_a,1,2026-05-09T10:19:48Z,2026-05-09T10:22:32Z,2026-05-09T10:29:02Z,164.0,390.0,554.0,e2_4b_concurrent_grpo9_oldlock_cap640_worker2_rerun_20260509T101921Z,/root/docs/paper/MinT-Closing/session-n-sweep-20260509/runs/e2_4b_concurrent_grpo9_oldlock_cap640_worker2_rerun_20260509T101921Z
Qwen3-4B,9,concurrent,measured,grpo_a,2,2026-05-09T10:29:02Z,2026-05-09T10:31:08Z,2026-05-09T10:37:33Z,126.0,385.0,511.0,e2_4b_concurrent_grpo9_oldlock_cap640_worker2_rerun_20260509T101921Z,/root/docs/paper/MinT-Closing/session-n-sweep-20260509/runs/e2_4b_concurrent_grpo9_oldlock_cap640_worker2_rerun_20260509T101921Z
Qwen3-4B,9,concurrent,measured,grpo_a,3,2026-05-09T10:37:33Z,2026-05-09T10:39:35Z,2026-05-09T10:43:42Z,122.0,247.0,369.0,e2_4b_concurrent_grpo9_oldlock_cap640_worker2_rerun_20260509T101921Z,/root/docs/paper/MinT-Closing/session-n-sweep-20260509/runs/e2_4b_concurrent_grpo9_oldlock_cap640_worker2_rerun_20260509T101921Z
Qwen3-4B,9,concurrent,measured,grpo_a,4,2026-05-09T10:43:42Z,2026-05-09T10:53:05Z,2026-05-09T10:57:22Z,563.0,257.0,820.0,e2_4b_concurrent_grpo9_oldlock_cap640_worker2_rerun_20260509T101921Z,/root/docs/paper/MinT-Closing/session-n-sweep-20260509/runs/e2_4b_concurrent_grpo9_oldlock_cap640_worker2_rerun_20260509T101921Z
Qwen3-4B,9,concurrent,measured,grpo_a,5,2026-05-09T10:57:22Z,2026-05-09T11:08:47Z,2026-05-09T11:14:06Z,685.0,319.0,1004.0,e2_4b_concurrent_grpo9_oldlock_cap640_worker2_rerun_20260509T101921Z,/root/docs/paper/MinT-Closing/session-n-sweep-20260509/runs/e2_4b_concurrent_grpo9_oldlock_cap640_worker2_rerun_20260509T101921Z
Qwen3-4B,9,concurrent,measured,grpo_b,1,2026-05-09T10:19:48Z,2026-05-09T10:22:31Z,2026-05-09T10:29:45Z,163.0,434.0,597.0,e2_4b_concurrent_grpo9_oldlock_cap640_worker2_rerun_20260509T101921Z,/root/docs/paper/MinT-Closing/session-n-sweep-20260509/runs/e2_4b_concurrent_grpo9_oldlock_cap640_worker2_rerun_20260509T101921Z
Qwen3-4B,9,concurrent,measured,grpo_b,2,2026-05-09T10:29:45Z,2026-05-09T10:33:08Z,2026-05-09T10:38:52Z,203.0,344.0,547.0,e2_4b_concurrent_grpo9_oldlock_cap640_worker2_rerun_20260509T101921Z,/root/docs/paper/MinT-Closing/session-n-sweep-20260509/runs/e2_4b_concurrent_grpo9_oldlock_cap640_worker2_rerun_20260509T101921Z
Qwen3-4B,9,concurrent,measured,grpo_b,3,2026-05-09T10:38:52Z,2026-05-09T10:42:47Z,2026-05-09T10:47:10Z,235.0,263.0,498.0,e2_4b_concurrent_grpo9_oldlock_cap640_worker2_rerun_20260509T101921Z,/root/docs/paper/MinT-Closing/session-n-sweep-20260509/runs/e2_4b_concurrent_grpo9_oldlock_cap640_worker2_rerun_20260509T101921Z
Qwen3-4B,9,concurrent,measured,grpo_b,4,2026-05-09T10:47:10Z,2026-05-09T10:58:14Z,2026-05-09T11:04:38Z,664.0,384.0,1048.0,e2_4b_concurrent_grpo9_oldlock_cap640_worker2_rerun_20260509T101921Z,/root/docs/paper/MinT-Closing/session-n-sweep-20260509/runs/e2_4b_concurrent_grpo9_oldlock_cap640_worker2_rerun_20260509T101921Z
Qwen3-4B,9,concurrent,measured,grpo_b,5,2026-05-09T11:04:38Z,2026-05-09T11:13:28Z,2026-05-09T11:17:22Z,530.0,234.0,764.0,e2_4b_concurrent_grpo9_oldlock_cap640_worker2_rerun_20260509T101921Z,/root/docs/paper/MinT-Closing/session-n-sweep-20260509/runs/e2_4b_concurrent_grpo9_oldlock_cap640_worker2_rerun_20260509T101921Z
Qwen3-4B,9,concurrent,measured,grpo_c,1,2026-05-09T10:19:48Z,2026-05-09T10:26:18Z,2026-05-09T10:30:27Z,390.0,249.0,639.0,e2_4b_concurrent_grpo9_oldlock_cap640_worker2_rerun_20260509T101921Z,/root/docs/paper/MinT-Closing/session-n-sweep-20260509/runs/e2_4b_concurrent_grpo9_oldlock_cap640_worker2_rerun_20260509T101921Z
Qwen3-4B,9,concurrent,measured,grpo_c,2,2026-05-09T10:30:27Z,2026-05-09T10:36:52Z,2026-05-09T10:41:13Z,385.0,261.0,646.0,e2_4b_concurrent_grpo9_oldlock_cap640_worker2_rerun_20260509T101921Z,/root/docs/paper/MinT-Closing/session-n-sweep-20260509/runs/e2_4b_concurrent_grpo9_oldlock_cap640_worker2_rerun_20260509T101921Z
Qwen3-4B,9,concurrent,measured,grpo_c,3,2026-05-09T10:41:13Z,2026-05-09T10:51:12Z,2026-05-09T10:55:53Z,599.0,281.0,880.0,e2_4b_concurrent_grpo9_oldlock_cap640_worker2_rerun_20260509T101921Z,/root/docs/paper/MinT-Closing/session-n-sweep-20260509/runs/e2_4b_concurrent_grpo9_oldlock_cap640_worker2_rerun_20260509T101921Z
Qwen3-4B,9,concurrent,measured,grpo_c,4,2026-05-09T10:55:53Z,2026-05-09T11:06:45Z,2026-05-09T11:12:36Z,652.0,351.0,1003.0,e2_4b_concurrent_grpo9_oldlock_cap640_worker2_rerun_20260509T101921Z,/root/docs/paper/MinT-Closing/session-n-sweep-20260509/runs/e2_4b_concurrent_grpo9_oldlock_cap640_worker2_rerun_20260509T101921Z
Qwen3-4B,9,concurrent,measured,grpo_c,5,2026-05-09T11:12:36Z,2026-05-09T11:21:58Z,2026-05-09T11:25:06Z,562.0,188.0,750.0,e2_4b_concurrent_grpo9_oldlock_cap640_worker2_rerun_20260509T101921Z,/root/docs/paper/MinT-Closing/session-n-sweep-20260509/runs/e2_4b_concurrent_grpo9_oldlock_cap640_worker2_rerun_20260509T101921Z
Qwen3-4B,9,concurrent,measured,grpo_d,1,2026-05-09T10:19:48Z,2026-05-09T10:22:34Z,2026-05-09T10:29:12Z,166.0,398.0,564.0,e2_4b_concurrent_grpo9_oldlock_cap640_worker2_rerun_20260509T101921Z,/root/docs/paper/MinT-Closing/session-n-sweep-20260509/runs/e2_4b_concurrent_grpo9_oldlock_cap640_worker2_rerun_20260509T101921Z
Qwen3-4B,9,concurrent,measured,grpo_d,2,2026-05-09T10:29:12Z,2026-05-09T10:31:16Z,2026-05-09T10:38:53Z,124.0,457.0,581.0,e2_4b_concurrent_grpo9_oldlock_cap640_worker2_rerun_20260509T101921Z,/root/docs/paper/MinT-Closing/session-n-sweep-20260509/runs/e2_4b_concurrent_grpo9_oldlock_cap640_worker2_rerun_20260509T101921Z
Qwen3-4B,9,concurrent,measured,grpo_d,3,2026-05-09T10:38:53Z,2026-05-09T10:41:10Z,2026-05-09T10:45:44Z,137.0,274.0,411.0,e2_4b_concurrent_grpo9_oldlock_cap640_worker2_rerun_20260509T101921Z,/root/docs/paper/MinT-Closing/session-n-sweep-20260509/runs/e2_4b_concurrent_grpo9_oldlock_cap640_worker2_rerun_20260509T101921Z
Qwen3-4B,9,concurrent,measured,grpo_d,4,2026-05-09T10:45:44Z,2026-05-09T10:56:46Z,2026-05-09T11:03:41Z,662.0,415.0,1077.0,e2_4b_concurrent_grpo9_oldlock_cap640_worker2_rerun_20260509T101921Z,/root/docs/paper/MinT-Closing/session-n-sweep-20260509/runs/e2_4b_concurrent_grpo9_oldlock_cap640_worker2_rerun_20260509T101921Z
Qwen3-4B,9,concurrent,measured,grpo_d,5,2026-05-09T11:03:41Z,2026-05-09T11:11:49Z,2026-05-09T11:16:11Z,488.0,262.0,750.0,e2_4b_concurrent_grpo9_oldlock_cap640_worker2_rerun_20260509T101921Z,/root/docs/paper/MinT-Closing/session-n-sweep-20260509/runs/e2_4b_concurrent_grpo9_oldlock_cap640_worker2_rerun_20260509T101921Z
Qwen3-4B,9,concurrent,measured,grpo_e,1,2026-05-09T10:19:48Z,2026-05-09T10:22:29Z,2026-05-09T10:29:02Z,161.0,393.0,554.0,e2_4b_concurrent_grpo9_oldlock_cap640_worker2_rerun_20260509T101921Z,/root/docs/paper/MinT-Closing/session-n-sweep-20260509/runs/e2_4b_concurrent_grpo9_oldlock_cap640_worker2_rerun_20260509T101921Z
Qwen3-4B,9,concurrent,measured,grpo_e,2,2026-05-09T10:29:02Z,2026-05-09T10:31:07Z,2026-05-09T10:38:08Z,125.0,421.0,546.0,e2_4b_concurrent_grpo9_oldlock_cap640_worker2_rerun_20260509T101921Z,/root/docs/paper/MinT-Closing/session-n-sweep-20260509/runs/e2_4b_concurrent_grpo9_oldlock_cap640_worker2_rerun_20260509T101921Z
Qwen3-4B,9,concurrent,measured,grpo_e,3,2026-05-09T10:38:08Z,2026-05-09T10:40:11Z,2026-05-09T10:45:33Z,123.0,322.0,445.0,e2_4b_concurrent_grpo9_oldlock_cap640_worker2_rerun_20260509T101921Z,/root/docs/paper/MinT-Closing/session-n-sweep-20260509/runs/e2_4b_concurrent_grpo9_oldlock_cap640_worker2_rerun_20260509T101921Z
Qwen3-4B,9,concurrent,measured,grpo_e,4,2026-05-09T10:45:33Z,2026-05-09T10:54:56Z,2026-05-09T11:01:07Z,563.0,371.0,934.0,e2_4b_concurrent_grpo9_oldlock_cap640_worker2_rerun_20260509T101921Z,/root/docs/paper/MinT-Closing/session-n-sweep-20260509/runs/e2_4b_concurrent_grpo9_oldlock_cap640_worker2_rerun_20260509T101921Z
Qwen3-4B,9,concurrent,measured,grpo_e,5,2026-05-09T11:01:07Z,2026-05-09T11:10:21Z,2026-05-09T11:14:17Z,554.0,236.0,790.0,e2_4b_concurrent_grpo9_oldlock_cap640_worker2_rerun_20260509T101921Z,/root/docs/paper/MinT-Closing/session-n-sweep-20260509/runs/e2_4b_concurrent_grpo9_oldlock_cap640_worker2_rerun_20260509T101921Z
Qwen3-4B,9,concurrent,measured,grpo_f,1,2026-05-09T10:19:48Z,2026-05-09T10:24:24Z,2026-05-09T10:30:06Z,276.0,342.0,618.0,e2_4b_concurrent_grpo9_oldlock_cap640_worker2_rerun_20260509T101921Z,/root/docs/paper/MinT-Closing/session-n-sweep-20260509/runs/e2_4b_concurrent_grpo9_oldlock_cap640_worker2_rerun_20260509T101921Z
Qwen3-4B,9,concurrent,measured,grpo_f,2,2026-05-09T10:30:06Z,2026-05-09T10:35:27Z,2026-05-09T10:40:16Z,321.0,289.0,610.0,e2_4b_concurrent_grpo9_oldlock_cap640_worker2_rerun_20260509T101921Z,/root/docs/paper/MinT-Closing/session-n-sweep-20260509/runs/e2_4b_concurrent_grpo9_oldlock_cap640_worker2_rerun_20260509T101921Z
Qwen3-4B,9,concurrent,measured,grpo_f,3,2026-05-09T10:40:16Z,2026-05-09T10:49:26Z,2026-05-09T10:55:46Z,550.0,380.0,930.0,e2_4b_concurrent_grpo9_oldlock_cap640_worker2_rerun_20260509T101921Z,/root/docs/paper/MinT-Closing/session-n-sweep-20260509/runs/e2_4b_concurrent_grpo9_oldlock_cap640_worker2_rerun_20260509T101921Z
Qwen3-4B,9,concurrent,measured,grpo_f,4,2026-05-09T10:55:46Z,2026-05-09T11:05:14Z,2026-05-09T11:10:50Z,568.0,336.0,904.0,e2_4b_concurrent_grpo9_oldlock_cap640_worker2_rerun_20260509T101921Z,/root/docs/paper/MinT-Closing/session-n-sweep-20260509/runs/e2_4b_concurrent_grpo9_oldlock_cap640_worker2_rerun_20260509T101921Z
Qwen3-4B,9,concurrent,measured,grpo_f,5,2026-05-09T11:10:50Z,2026-05-09T11:20:14Z,2026-05-09T11:21:49Z,564.0,95.0,659.0,e2_4b_concurrent_grpo9_oldlock_cap640_worker2_rerun_20260509T101921Z,/root/docs/paper/MinT-Closing/session-n-sweep-20260509/runs/e2_4b_concurrent_grpo9_oldlock_cap640_worker2_rerun_20260509T101921Z
Qwen3-4B,9,concurrent,measured,grpo_g,1,2026-05-09T10:19:48Z,2026-05-09T10:24:25Z,2026-05-09T10:29:59Z,277.0,334.0,611.0,e2_4b_concurrent_grpo9_oldlock_cap640_worker2_rerun_20260509T101921Z,/root/docs/paper/MinT-Closing/session-n-sweep-20260509/runs/e2_4b_concurrent_grpo9_oldlock_cap640_worker2_rerun_20260509T101921Z
Qwen3-4B,9,concurrent,measured,grpo_g,2,2026-05-09T10:29:59Z,2026-05-09T10:35:01Z,2026-05-09T10:40:13Z,302.0,312.0,614.0,e2_4b_concurrent_grpo9_oldlock_cap640_worker2_rerun_20260509T101921Z,/root/docs/paper/MinT-Closing/session-n-sweep-20260509/runs/e2_4b_concurrent_grpo9_oldlock_cap640_worker2_rerun_20260509T101921Z
Qwen3-4B,9,concurrent,measured,grpo_g,3,2026-05-09T10:40:13Z,2026-05-09T10:47:50Z,2026-05-09T10:54:07Z,457.0,377.0,834.0,e2_4b_concurrent_grpo9_oldlock_cap640_worker2_rerun_20260509T101921Z,/root/docs/paper/MinT-Closing/session-n-sweep-20260509/runs/e2_4b_concurrent_grpo9_oldlock_cap640_worker2_rerun_20260509T101921Z
Qwen3-4B,9,concurrent,measured,grpo_g,4,2026-05-09T10:54:07Z,2026-05-09T11:03:34Z,2026-05-09T11:07:48Z,567.0,254.0,821.0,e2_4b_concurrent_grpo9_oldlock_cap640_worker2_rerun_20260509T101921Z,/root/docs/paper/MinT-Closing/session-n-sweep-20260509/runs/e2_4b_concurrent_grpo9_oldlock_cap640_worker2_rerun_20260509T101921Z
Qwen3-4B,9,concurrent,measured,grpo_g,5,2026-05-09T11:07:48Z,2026-05-09T11:18:36Z,2026-05-09T11:20:27Z,648.0,111.0,759.0,e2_4b_concurrent_grpo9_oldlock_cap640_worker2_rerun_20260509T101921Z,/root/docs/paper/MinT-Closing/session-n-sweep-20260509/runs/e2_4b_concurrent_grpo9_oldlock_cap640_worker2_rerun_20260509T101921Z
Qwen3-4B,9,concurrent,measured,grpo_h,1,2026-05-09T10:19:48Z,2026-05-09T10:24:28Z,2026-05-09T10:29:51Z,280.0,323.0,603.0,e2_4b_concurrent_grpo9_oldlock_cap640_worker2_rerun_20260509T101921Z,/root/docs/paper/MinT-Closing/session-n-sweep-20260509/runs/e2_4b_concurrent_grpo9_oldlock_cap640_worker2_rerun_20260509T101921Z
Qwen3-4B,9,concurrent,measured,grpo_h,2,2026-05-09T10:29:51Z,2026-05-09T10:33:08Z,2026-05-09T10:40:09Z,197.0,421.0,618.0,e2_4b_concurrent_grpo9_oldlock_cap640_worker2_rerun_20260509T101921Z,/root/docs/paper/MinT-Closing/session-n-sweep-20260509/runs/e2_4b_concurrent_grpo9_oldlock_cap640_worker2_rerun_20260509T101921Z
Qwen3-4B,9,concurrent,measured,grpo_h,3,2026-05-09T10:40:09Z,2026-05-09T10:46:08Z,2026-05-09T10:52:24Z,359.0,376.0,735.0,e2_4b_concurrent_grpo9_oldlock_cap640_worker2_rerun_20260509T101921Z,/root/docs/paper/MinT-Closing/session-n-sweep-20260509/runs/e2_4b_concurrent_grpo9_oldlock_cap640_worker2_rerun_20260509T101921Z
Qwen3-4B,9,concurrent,measured,grpo_h,4,2026-05-09T10:52:24Z,2026-05-09T11:01:55Z,2026-05-09T11:05:37Z,571.0,222.0,793.0,e2_4b_concurrent_grpo9_oldlock_cap640_worker2_rerun_20260509T101921Z,/root/docs/paper/MinT-Closing/session-n-sweep-20260509/runs/e2_4b_concurrent_grpo9_oldlock_cap640_worker2_rerun_20260509T101921Z
Qwen3-4B,9,concurrent,measured,grpo_h,5,2026-05-09T11:05:37Z,2026-05-09T11:16:51Z,2026-05-09T11:19:56Z,674.0,185.0,859.0,e2_4b_concurrent_grpo9_oldlock_cap640_worker2_rerun_20260509T101921Z,/root/docs/paper/MinT-Closing/session-n-sweep-20260509/runs/e2_4b_concurrent_grpo9_oldlock_cap640_worker2_rerun_20260509T101921Z
Qwen3-4B,9,concurrent,measured,grpo_i,1,2026-05-09T10:19:48Z,2026-05-09T10:24:27Z,2026-05-09T10:29:45Z,279.0,318.0,597.0,e2_4b_concurrent_grpo9_oldlock_cap640_worker2_rerun_20260509T101921Z,/root/docs/paper/MinT-Closing/session-n-sweep-20260509/runs/e2_4b_concurrent_grpo9_oldlock_cap640_worker2_rerun_20260509T101921Z
Qwen3-4B,9,concurrent,measured,grpo_i,2,2026-05-09T10:29:45Z,2026-05-09T10:33:07Z,2026-05-09T10:39:03Z,202.0,356.0,558.0,e2_4b_concurrent_grpo9_oldlock_cap640_worker2_rerun_20260509T101921Z,/root/docs/paper/MinT-Closing/session-n-sweep-20260509/runs/e2_4b_concurrent_grpo9_oldlock_cap640_worker2_rerun_20260509T101921Z
Qwen3-4B,9,concurrent,measured,grpo_i,3,2026-05-09T10:39:03Z,2026-05-09T10:44:24Z,2026-05-09T10:49:43Z,321.0,319.0,640.0,e2_4b_concurrent_grpo9_oldlock_cap640_worker2_rerun_20260509T101921Z,/root/docs/paper/MinT-Closing/session-n-sweep-20260509/runs/e2_4b_concurrent_grpo9_oldlock_cap640_worker2_rerun_20260509T101921Z
Qwen3-4B,9,concurrent,measured,grpo_i,4,2026-05-09T10:49:43Z,2026-05-09T11:00:06Z,2026-05-09T11:05:28Z,623.0,322.0,945.0,e2_4b_concurrent_grpo9_oldlock_cap640_worker2_rerun_20260509T101921Z,/root/docs/paper/MinT-Closing/session-n-sweep-20260509/runs/e2_4b_concurrent_grpo9_oldlock_cap640_worker2_rerun_20260509T101921Z
Qwen3-4B,9,concurrent,measured,grpo_i,5,2026-05-09T11:05:28Z,2026-05-09T11:14:59Z,2026-05-09T11:18:28Z,571.0,209.0,780.0,e2_4b_concurrent_grpo9_oldlock_cap640_worker2_rerun_20260509T101921Z,/root/docs/paper/MinT-Closing/session-n-sweep-20260509/runs/e2_4b_concurrent_grpo9_oldlock_cap640_worker2_rerun_20260509T101921Z
Qwen3-30B,3,sequential,measured,grpo_a,1,2026-05-09T03:22:17Z,2026-05-09T03:29:52Z,2026-05-09T03:31:04Z,455.0,72.0,527.0,e2_30b_sequential_grpo3_v2_cap192full_worker5_retry_20260509T0321Z,/root/docs/paper/MinT-Closing/runs0508/runs/e2_30b_sequential_grpo3_v2_cap192full_worker5_retry_20260509T0321Z
Qwen3-30B,3,sequential,measured,grpo_a,2,2026-05-09T03:31:04Z,2026-05-09T03:37:40Z,2026-05-09T03:38:42Z,396.0,62.0,458.0,e2_30b_sequential_grpo3_v2_cap192full_worker5_retry_20260509T0321Z,/root/docs/paper/MinT-Closing/runs0508/runs/e2_30b_sequential_grpo3_v2_cap192full_worker5_retry_20260509T0321Z
Qwen3-30B,3,sequential,measured,grpo_a,3,2026-05-09T03:38:42Z,2026-05-09T03:45:16Z,2026-05-09T03:46:19Z,394.0,63.0,457.0,e2_30b_sequential_grpo3_v2_cap192full_worker5_retry_20260509T0321Z,/root/docs/paper/MinT-Closing/runs0508/runs/e2_30b_sequential_grpo3_v2_cap192full_worker5_retry_20260509T0321Z
Qwen3-30B,3,sequential,measured,grpo_a,4,2026-05-09T03:46:19Z,2026-05-09T03:53:12Z,2026-05-09T03:54:17Z,413.0,65.0,478.0,e2_30b_sequential_grpo3_v2_cap192full_worker5_retry_20260509T0321Z,/root/docs/paper/MinT-Closing/runs0508/runs/e2_30b_sequential_grpo3_v2_cap192full_worker5_retry_20260509T0321Z
Qwen3-30B,3,sequential,measured,grpo_a,5,2026-05-09T03:54:17Z,2026-05-09T04:00:59Z,2026-05-09T04:02:05Z,402.0,66.0,468.0,e2_30b_sequential_grpo3_v2_cap192full_worker5_retry_20260509T0321Z,/root/docs/paper/MinT-Closing/runs0508/runs/e2_30b_sequential_grpo3_v2_cap192full_worker5_retry_20260509T0321Z
Qwen3-30B,3,sequential,measured,grpo_b,1,2026-05-09T04:20:51Z,2026-05-09T04:27:35Z,2026-05-09T04:28:38Z,404.0,63.0,467.0,e2_30b_sequential_grpo3_v2_cap192full_worker5_retry_20260509T0321Z,/root/docs/paper/MinT-Closing/runs0508/runs/e2_30b_sequential_grpo3_v2_cap192full_worker5_retry_20260509T0321Z
Qwen3-30B,3,sequential,measured,grpo_b,2,2026-05-09T04:28:38Z,2026-05-09T04:35:16Z,2026-05-09T04:36:19Z,398.0,63.0,461.0,e2_30b_sequential_grpo3_v2_cap192full_worker5_retry_20260509T0321Z,/root/docs/paper/MinT-Closing/runs0508/runs/e2_30b_sequential_grpo3_v2_cap192full_worker5_retry_20260509T0321Z
Qwen3-30B,3,sequential,measured,grpo_b,3,2026-05-09T04:36:19Z,2026-05-09T04:43:15Z,2026-05-09T04:44:22Z,416.0,67.0,483.0,e2_30b_sequential_grpo3_v2_cap192full_worker5_retry_20260509T0321Z,/root/docs/paper/MinT-Closing/runs0508/runs/e2_30b_sequential_grpo3_v2_cap192full_worker5_retry_20260509T0321Z
Qwen3-30B,3,sequential,measured,grpo_b,4,2026-05-09T04:44:22Z,2026-05-09T04:51:04Z,2026-05-09T04:52:05Z,402.0,61.0,463.0,e2_30b_sequential_grpo3_v2_cap192full_worker5_retry_20260509T0321Z,/root/docs/paper/MinT-Closing/runs0508/runs/e2_30b_sequential_grpo3_v2_cap192full_worker5_retry_20260509T0321Z
Qwen3-30B,3,sequential,measured,grpo_b,5,2026-05-09T04:52:05Z,2026-05-09T04:58:41Z,2026-05-09T04:59:43Z,396.0,62.0,458.0,e2_30b_sequential_grpo3_v2_cap192full_worker5_retry_20260509T0321Z,/root/docs/paper/MinT-Closing/runs0508/runs/e2_30b_sequential_grpo3_v2_cap192full_worker5_retry_20260509T0321Z
Qwen3-30B,3,sequential,measured,grpo_c,1,2026-05-09T05:15:49Z,2026-05-09T05:22:26Z,2026-05-09T05:23:30Z,397.0,64.0,461.0,e2_30b_sequential_grpo3_v2_cap192full_worker5_retry_20260509T0321Z,/root/docs/paper/MinT-Closing/runs0508/runs/e2_30b_sequential_grpo3_v2_cap192full_worker5_retry_20260509T0321Z
Qwen3-30B,3,sequential,measured,grpo_c,2,2026-05-09T05:23:30Z,2026-05-09T05:30:00Z,2026-05-09T05:31:04Z,390.0,64.0,454.0,e2_30b_sequential_grpo3_v2_cap192full_worker5_retry_20260509T0321Z,/root/docs/paper/MinT-Closing/runs0508/runs/e2_30b_sequential_grpo3_v2_cap192full_worker5_retry_20260509T0321Z
Qwen3-30B,3,sequential,measured,grpo_c,3,2026-05-09T05:31:04Z,2026-05-09T05:37:40Z,2026-05-09T05:38:44Z,396.0,64.0,460.0,e2_30b_sequential_grpo3_v2_cap192full_worker5_retry_20260509T0321Z,/root/docs/paper/MinT-Closing/runs0508/runs/e2_30b_sequential_grpo3_v2_cap192full_worker5_retry_20260509T0321Z
Qwen3-30B,3,sequential,measured,grpo_c,4,2026-05-09T05:38:44Z,2026-05-09T05:45:40Z,2026-05-09T05:46:41Z,416.0,61.0,477.0,e2_30b_sequential_grpo3_v2_cap192full_worker5_retry_20260509T0321Z,/root/docs/paper/MinT-Closing/runs0508/runs/e2_30b_sequential_grpo3_v2_cap192full_worker5_retry_20260509T0321Z
Qwen3-30B,3,sequential,measured,grpo_c,5,2026-05-09T05:46:41Z,2026-05-09T05:53:23Z,2026-05-09T05:54:25Z,402.0,62.0,464.0,e2_30b_sequential_grpo3_v2_cap192full_worker5_retry_20260509T0321Z,/root/docs/paper/MinT-Closing/runs0508/runs/e2_30b_sequential_grpo3_v2_cap192full_worker5_retry_20260509T0321Z
Qwen3-30B,3,concurrent,measured,grpo_a,1,2026-05-09T03:22:17Z,2026-05-09T03:30:29Z,2026-05-09T03:34:23Z,492.0,234.0,726.0,e2_30b_concurrent_grpo3_v2_cap192full_worker7_retry_20260509T0321Z,/root/docs/paper/MinT-Closing/runs0508/runs/e2_30b_concurrent_grpo3_v2_cap192full_worker7_retry_20260509T0321Z
Qwen3-30B,3,concurrent,measured,grpo_a,2,2026-05-09T03:34:23Z,2026-05-09T03:44:58Z,2026-05-09T03:49:38Z,635.0,280.0,915.0,e2_30b_concurrent_grpo3_v2_cap192full_worker7_retry_20260509T0321Z,/root/docs/paper/MinT-Closing/runs0508/runs/e2_30b_concurrent_grpo3_v2_cap192full_worker7_retry_20260509T0321Z
Qwen3-30B,3,concurrent,measured,grpo_a,3,2026-05-09T03:49:38Z,2026-05-09T03:59:39Z,2026-05-09T04:03:46Z,601.0,247.0,848.0,e2_30b_concurrent_grpo3_v2_cap192full_worker7_retry_20260509T0321Z,/root/docs/paper/MinT-Closing/runs0508/runs/e2_30b_concurrent_grpo3_v2_cap192full_worker7_retry_20260509T0321Z
Qwen3-30B,3,concurrent,measured,grpo_a,4,2026-05-09T04:03:46Z,2026-05-09T04:19:39Z,2026-05-09T04:22:17Z,953.0,158.0,1111.0,e2_30b_concurrent_grpo3_v2_cap192full_worker7_retry_20260509T0321Z,/root/docs/paper/MinT-Closing/runs0508/runs/e2_30b_concurrent_grpo3_v2_cap192full_worker7_retry_20260509T0321Z
Qwen3-30B,3,concurrent,measured,grpo_a,5,2026-05-09T04:22:17Z,2026-05-09T04:33:55Z,2026-05-09T04:35:59Z,698.0,124.0,822.0,e2_30b_concurrent_grpo3_v2_cap192full_worker7_retry_20260509T0321Z,/root/docs/paper/MinT-Closing/runs0508/runs/e2_30b_concurrent_grpo3_v2_cap192full_worker7_retry_20260509T0321Z
Qwen3-30B,3,concurrent,measured,grpo_b,1,2026-05-09T03:22:17Z,2026-05-09T03:35:41Z,2026-05-09T03:38:30Z,804.0,169.0,973.0,e2_30b_concurrent_grpo3_v2_cap192full_worker7_retry_20260509T0321Z,/root/docs/paper/MinT-Closing/runs0508/runs/e2_30b_concurrent_grpo3_v2_cap192full_worker7_retry_20260509T0321Z
Qwen3-30B,3,concurrent,measured,grpo_b,2,2026-05-09T03:38:30Z,2026-05-09T03:49:58Z,2026-05-09T03:52:50Z,688.0,172.0,860.0,e2_30b_concurrent_grpo3_v2_cap192full_worker7_retry_20260509T0321Z,/root/docs/paper/MinT-Closing/runs0508/runs/e2_30b_concurrent_grpo3_v2_cap192full_worker7_retry_20260509T0321Z
Qwen3-30B,3,concurrent,measured,grpo_b,3,2026-05-09T03:52:50Z,2026-05-09T04:04:37Z,2026-05-09T04:06:17Z,707.0,100.0,807.0,e2_30b_concurrent_grpo3_v2_cap192full_worker7_retry_20260509T0321Z,/root/docs/paper/MinT-Closing/runs0508/runs/e2_30b_concurrent_grpo3_v2_cap192full_worker7_retry_20260509T0321Z
Qwen3-30B,3,concurrent,measured,grpo_b,4,2026-05-09T04:06:17Z,2026-05-09T04:18:43Z,2026-05-09T04:23:01Z,746.0,258.0,1004.0,e2_30b_concurrent_grpo3_v2_cap192full_worker7_retry_20260509T0321Z,/root/docs/paper/MinT-Closing/runs0508/runs/e2_30b_concurrent_grpo3_v2_cap192full_worker7_retry_20260509T0321Z
Qwen3-30B,3,concurrent,measured,grpo_b,5,2026-05-09T04:23:01Z,2026-05-09T04:33:04Z,2026-05-09T04:39:02Z,603.0,358.0,961.0,e2_30b_concurrent_grpo3_v2_cap192full_worker7_retry_20260509T0321Z,/root/docs/paper/MinT-Closing/runs0508/runs/e2_30b_concurrent_grpo3_v2_cap192full_worker7_retry_20260509T0321Z
Qwen3-30B,3,concurrent,measured,grpo_c,1,2026-05-09T03:22:17Z,2026-05-09T03:30:44Z,2026-05-09T03:33:40Z,507.0,176.0,683.0,e2_30b_concurrent_grpo3_v2_cap192full_worker7_retry_20260509T0321Z,/root/docs/paper/MinT-Closing/runs0508/runs/e2_30b_concurrent_grpo3_v2_cap192full_worker7_retry_20260509T0321Z
Qwen3-30B,3,concurrent,measured,grpo_c,2,2026-05-09T03:33:40Z,2026-05-09T03:45:45Z,2026-05-09T03:48:19Z,725.0,154.0,879.0,e2_30b_concurrent_grpo3_v2_cap192full_worker7_retry_20260509T0321Z,/root/docs/paper/MinT-Closing/runs0508/runs/e2_30b_concurrent_grpo3_v2_cap192full_worker7_retry_20260509T0321Z
Qwen3-30B,3,concurrent,measured,grpo_c,3,2026-05-09T03:48:19Z,2026-05-09T03:59:48Z,2026-05-09T04:02:12Z,689.0,144.0,833.0,e2_30b_concurrent_grpo3_v2_cap192full_worker7_retry_20260509T0321Z,/root/docs/paper/MinT-Closing/runs0508/runs/e2_30b_concurrent_grpo3_v2_cap192full_worker7_retry_20260509T0321Z
Qwen3-30B,3,concurrent,measured,grpo_c,4,2026-05-09T04:02:12Z,2026-05-09T04:15:18Z,2026-05-09T04:19:11Z,786.0,233.0,1019.0,e2_30b_concurrent_grpo3_v2_cap192full_worker7_retry_20260509T0321Z,/root/docs/paper/MinT-Closing/runs0508/runs/e2_30b_concurrent_grpo3_v2_cap192full_worker7_retry_20260509T0321Z
Qwen3-30B,3,concurrent,measured,grpo_c,5,2026-05-09T04:19:11Z,2026-05-09T04:28:37Z,2026-05-09T04:30:59Z,566.0,142.0,708.0,e2_30b_concurrent_grpo3_v2_cap192full_worker7_retry_20260509T0321Z,/root/docs/paper/MinT-Closing/runs0508/runs/e2_30b_concurrent_grpo3_v2_cap192full_worker7_retry_20260509T0321Z
Qwen3-30B,5,concurrent,measured,grpo_a,1,2026-05-09T10:16:40Z,2026-05-09T10:31:22Z,2026-05-09T10:35:56Z,882.0,274.0,1156.0,e2_30b_concurrent_grpo5_oldlock_cap640_worker7_20260509T101551Z,/root/docs/paper/MinT-Closing/session-n-sweep-20260509/runs/e2_30b_concurrent_grpo5_oldlock_cap640_worker7_20260509T101551Z
Qwen3-30B,5,concurrent,measured,grpo_a,2,2026-05-09T10:35:56Z,2026-05-09T10:51:35Z,2026-05-09T10:59:58Z,939.0,503.0,1442.0,e2_30b_concurrent_grpo5_oldlock_cap640_worker7_20260509T101551Z,/root/docs/paper/MinT-Closing/session-n-sweep-20260509/runs/e2_30b_concurrent_grpo5_oldlock_cap640_worker7_20260509T101551Z
Qwen3-30B,5,concurrent,measured,grpo_a,3,2026-05-09T10:59:58Z,2026-05-09T11:08:16Z,2026-05-09T11:18:08Z,498.0,592.0,1090.0,e2_30b_concurrent_grpo5_oldlock_cap640_worker7_20260509T101551Z,/root/docs/paper/MinT-Closing/session-n-sweep-20260509/runs/e2_30b_concurrent_grpo5_oldlock_cap640_worker7_20260509T101551Z
Qwen3-30B,5,concurrent,measured,grpo_a,4,2026-05-09T11:18:08Z,2026-05-09T11:37:31Z,2026-05-09T11:45:53Z,1163.0,502.0,1665.0,e2_30b_concurrent_grpo5_oldlock_cap640_worker7_20260509T101551Z,/root/docs/paper/MinT-Closing/session-n-sweep-20260509/runs/e2_30b_concurrent_grpo5_oldlock_cap640_worker7_20260509T101551Z
Qwen3-30B,5,concurrent,measured,grpo_a,5,2026-05-09T11:45:53Z,2026-05-09T12:05:09Z,2026-05-09T12:10:38Z,1156.0,329.0,1485.0,e2_30b_concurrent_grpo5_oldlock_cap640_worker7_20260509T101551Z,/root/docs/paper/MinT-Closing/session-n-sweep-20260509/runs/e2_30b_concurrent_grpo5_oldlock_cap640_worker7_20260509T101551Z
Qwen3-30B,5,concurrent,measured,grpo_b,1,2026-05-09T10:16:40Z,2026-05-09T10:25:10Z,2026-05-09T10:33:44Z,510.0,514.0,1024.0,e2_30b_concurrent_grpo5_oldlock_cap640_worker7_20260509T101551Z,/root/docs/paper/MinT-Closing/session-n-sweep-20260509/runs/e2_30b_concurrent_grpo5_oldlock_cap640_worker7_20260509T101551Z
Qwen3-30B,5,concurrent,measured,grpo_b,2,2026-05-09T10:33:44Z,2026-05-09T10:48:43Z,2026-05-09T10:54:53Z,899.0,370.0,1269.0,e2_30b_concurrent_grpo5_oldlock_cap640_worker7_20260509T101551Z,/root/docs/paper/MinT-Closing/session-n-sweep-20260509/runs/e2_30b_concurrent_grpo5_oldlock_cap640_worker7_20260509T101551Z
Qwen3-30B,5,concurrent,measured,grpo_b,3,2026-05-09T10:54:53Z,2026-05-09T11:02:58Z,2026-05-09T11:15:52Z,485.0,774.0,1259.0,e2_30b_concurrent_grpo5_oldlock_cap640_worker7_20260509T101551Z,/root/docs/paper/MinT-Closing/session-n-sweep-20260509/runs/e2_30b_concurrent_grpo5_oldlock_cap640_worker7_20260509T101551Z
Qwen3-30B,5,concurrent,measured,grpo_b,4,2026-05-09T11:15:52Z,2026-05-09T11:32:54Z,2026-05-09T11:46:19Z,1022.0,805.0,1827.0,e2_30b_concurrent_grpo5_oldlock_cap640_worker7_20260509T101551Z,/root/docs/paper/MinT-Closing/session-n-sweep-20260509/runs/e2_30b_concurrent_grpo5_oldlock_cap640_worker7_20260509T101551Z
Qwen3-30B,5,concurrent,measured,grpo_b,5,2026-05-09T11:46:19Z,2026-05-09T12:08:03Z,2026-05-09T12:18:07Z,1304.0,604.0,1908.0,e2_30b_concurrent_grpo5_oldlock_cap640_worker7_20260509T101551Z,/root/docs/paper/MinT-Closing/session-n-sweep-20260509/runs/e2_30b_concurrent_grpo5_oldlock_cap640_worker7_20260509T101551Z
Qwen3-30B,5,concurrent,measured,grpo_c,1,2026-05-09T10:16:40Z,2026-05-09T10:30:35Z,2026-05-09T10:40:04Z,835.0,569.0,1404.0,e2_30b_concurrent_grpo5_oldlock_cap640_worker7_20260509T101551Z,/root/docs/paper/MinT-Closing/session-n-sweep-20260509/runs/e2_30b_concurrent_grpo5_oldlock_cap640_worker7_20260509T101551Z
Qwen3-30B,5,concurrent,measured,grpo_c,2,2026-05-09T10:40:04Z,2026-05-09T10:52:14Z,2026-05-09T11:01:02Z,730.0,528.0,1258.0,e2_30b_concurrent_grpo5_oldlock_cap640_worker7_20260509T101551Z,/root/docs/paper/MinT-Closing/session-n-sweep-20260509/runs/e2_30b_concurrent_grpo5_oldlock_cap640_worker7_20260509T101551Z
Qwen3-30B,5,concurrent,measured,grpo_c,3,2026-05-09T11:01:02Z,2026-05-09T11:09:06Z,2026-05-09T11:17:16Z,484.0,490.0,974.0,e2_30b_concurrent_grpo5_oldlock_cap640_worker7_20260509T101551Z,/root/docs/paper/MinT-Closing/session-n-sweep-20260509/runs/e2_30b_concurrent_grpo5_oldlock_cap640_worker7_20260509T101551Z
Qwen3-30B,5,concurrent,measured,grpo_c,4,2026-05-09T11:17:16Z,2026-05-09T11:36:30Z,2026-05-09T11:43:22Z,1154.0,412.0,1566.0,e2_30b_concurrent_grpo5_oldlock_cap640_worker7_20260509T101551Z,/root/docs/paper/MinT-Closing/session-n-sweep-20260509/runs/e2_30b_concurrent_grpo5_oldlock_cap640_worker7_20260509T101551Z
Qwen3-30B,5,concurrent,measured,grpo_c,5,2026-05-09T11:43:22Z,2026-05-09T12:04:13Z,2026-05-09T12:14:44Z,1251.0,631.0,1882.0,e2_30b_concurrent_grpo5_oldlock_cap640_worker7_20260509T101551Z,/root/docs/paper/MinT-Closing/session-n-sweep-20260509/runs/e2_30b_concurrent_grpo5_oldlock_cap640_worker7_20260509T101551Z
Qwen3-30B,5,concurrent,measured,grpo_d,1,2026-05-09T10:16:40Z,2026-05-09T10:26:03Z,2026-05-09T10:33:10Z,563.0,427.0,990.0,e2_30b_concurrent_grpo5_oldlock_cap640_worker7_20260509T101551Z,/root/docs/paper/MinT-Closing/session-n-sweep-20260509/runs/e2_30b_concurrent_grpo5_oldlock_cap640_worker7_20260509T101551Z
Qwen3-30B,5,concurrent,measured,grpo_d,2,2026-05-09T10:33:10Z,2026-05-09T10:47:39Z,2026-05-09T10:59:58Z,869.0,739.0,1608.0,e2_30b_concurrent_grpo5_oldlock_cap640_worker7_20260509T101551Z,/root/docs/paper/MinT-Closing/session-n-sweep-20260509/runs/e2_30b_concurrent_grpo5_oldlock_cap640_worker7_20260509T101551Z
Qwen3-30B,5,concurrent,measured,grpo_d,3,2026-05-09T10:59:58Z,2026-05-09T11:10:22Z,2026-05-09T11:23:10Z,624.0,768.0,1392.0,e2_30b_concurrent_grpo5_oldlock_cap640_worker7_20260509T101551Z,/root/docs/paper/MinT-Closing/session-n-sweep-20260509/runs/e2_30b_concurrent_grpo5_oldlock_cap640_worker7_20260509T101551Z
Qwen3-30B,5,concurrent,measured,grpo_d,4,2026-05-09T11:23:10Z,2026-05-09T11:54:36Z,2026-05-09T12:02:49Z,1886.0,493.0,2379.0,e2_30b_concurrent_grpo5_oldlock_cap640_worker7_20260509T101551Z,/root/docs/paper/MinT-Closing/session-n-sweep-20260509/runs/e2_30b_concurrent_grpo5_oldlock_cap640_worker7_20260509T101551Z
Qwen3-30B,5,concurrent,measured,grpo_d,5,2026-05-09T12:02:49Z,2026-05-09T12:12:16Z,2026-05-09T12:28:59Z,567.0,1003.0,1570.0,e2_30b_concurrent_grpo5_oldlock_cap640_worker7_20260509T101551Z,/root/docs/paper/MinT-Closing/session-n-sweep-20260509/runs/e2_30b_concurrent_grpo5_oldlock_cap640_worker7_20260509T101551Z
Qwen3-30B,5,concurrent,measured,grpo_e,1,2026-05-09T10:16:40Z,2026-05-09T10:24:34Z,2026-05-09T10:35:04Z,474.0,630.0,1104.0,e2_30b_concurrent_grpo5_oldlock_cap640_worker7_20260509T101551Z,/root/docs/paper/MinT-Closing/session-n-sweep-20260509/runs/e2_30b_concurrent_grpo5_oldlock_cap640_worker7_20260509T101551Z
Qwen3-30B,5,concurrent,measured,grpo_e,2,2026-05-09T10:35:04Z,2026-05-09T10:47:11Z,2026-05-09T10:58:10Z,727.0,659.0,1386.0,e2_30b_concurrent_grpo5_oldlock_cap640_worker7_20260509T101551Z,/root/docs/paper/MinT-Closing/session-n-sweep-20260509/runs/e2_30b_concurrent_grpo5_oldlock_cap640_worker7_20260509T101551Z
Qwen3-30B,5,concurrent,measured,grpo_e,3,2026-05-09T10:58:10Z,2026-05-09T11:08:39Z,2026-05-09T11:27:40Z,629.0,1141.0,1770.0,e2_30b_concurrent_grpo5_oldlock_cap640_worker7_20260509T101551Z,/root/docs/paper/MinT-Closing/session-n-sweep-20260509/runs/e2_30b_concurrent_grpo5_oldlock_cap640_worker7_20260509T101551Z
Qwen3-30B,5,concurrent,measured,grpo_e,4,2026-05-09T11:27:40Z,2026-05-09T11:44:47Z,2026-05-09T11:49:23Z,1027.0,276.0,1303.0,e2_30b_concurrent_grpo5_oldlock_cap640_worker7_20260509T101551Z,/root/docs/paper/MinT-Closing/session-n-sweep-20260509/runs/e2_30b_concurrent_grpo5_oldlock_cap640_worker7_20260509T101551Z
Qwen3-30B,5,concurrent,measured,grpo_e,5,2026-05-09T11:49:23Z,2026-05-09T12:11:43Z,2026-05-09T12:31:45Z,1340.0,1202.0,2542.0,e2_30b_concurrent_grpo5_oldlock_cap640_worker7_20260509T101551Z,/root/docs/paper/MinT-Closing/session-n-sweep-20260509/runs/e2_30b_concurrent_grpo5_oldlock_cap640_worker7_20260509T101551Z
Qwen3-30B,7,concurrent,measured,grpo_a,1,2026-05-09T10:21:05Z,2026-05-09T10:29:56Z,2026-05-09T10:49:10Z,531.0,1154.0,1685.0,e2_30b_concurrent_grpo7_oldlock_cap640_worker5_20260509T102038Z,/root/docs/paper/MinT-Closing/session-n-sweep-20260509/runs/e2_30b_concurrent_grpo7_oldlock_cap640_worker5_20260509T102038Z
Qwen3-30B,7,concurrent,measured,grpo_a,2,2026-05-09T10:49:10Z,2026-05-09T11:05:07Z,2026-05-09T11:30:36Z,957.0,1529.0,2486.0,e2_30b_concurrent_grpo7_oldlock_cap640_worker5_20260509T102038Z,/root/docs/paper/MinT-Closing/session-n-sweep-20260509/runs/e2_30b_concurrent_grpo7_oldlock_cap640_worker5_20260509T102038Z
Qwen3-30B,7,concurrent,measured,grpo_a,3,2026-05-09T11:30:36Z,2026-05-09T11:41:39Z,2026-05-09T11:48:51Z,663.0,432.0,1095.0,e2_30b_concurrent_grpo7_oldlock_cap640_worker5_20260509T102038Z,/root/docs/paper/MinT-Closing/session-n-sweep-20260509/runs/e2_30b_concurrent_grpo7_oldlock_cap640_worker5_20260509T102038Z
Qwen3-30B,7,concurrent,measured,grpo_a,4,2026-05-09T11:48:51Z,2026-05-09T12:16:59Z,2026-05-09T12:27:14Z,1688.0,615.0,2303.0,e2_30b_concurrent_grpo7_oldlock_cap640_worker5_20260509T102038Z,/root/docs/paper/MinT-Closing/session-n-sweep-20260509/runs/e2_30b_concurrent_grpo7_oldlock_cap640_worker5_20260509T102038Z
Qwen3-30B,7,concurrent,measured,grpo_a,5,2026-05-09T12:27:14Z,2026-05-09T13:02:29Z,2026-05-09T13:13:19Z,2115.0,650.0,2765.0,e2_30b_concurrent_grpo7_oldlock_cap640_worker5_20260509T102038Z,/root/docs/paper/MinT-Closing/session-n-sweep-20260509/runs/e2_30b_concurrent_grpo7_oldlock_cap640_worker5_20260509T102038Z
Qwen3-30B,7,concurrent,measured,grpo_b,1,2026-05-09T10:21:05Z,2026-05-09T10:29:01Z,2026-05-09T10:40:50Z,476.0,709.0,1185.0,e2_30b_concurrent_grpo7_oldlock_cap640_worker5_20260509T102038Z,/root/docs/paper/MinT-Closing/session-n-sweep-20260509/runs/e2_30b_concurrent_grpo7_oldlock_cap640_worker5_20260509T102038Z
Qwen3-30B,7,concurrent,measured,grpo_b,2,2026-05-09T10:40:50Z,2026-05-09T10:58:03Z,2026-05-09T11:12:35Z,1033.0,872.0,1905.0,e2_30b_concurrent_grpo7_oldlock_cap640_worker5_20260509T102038Z,/root/docs/paper/MinT-Closing/session-n-sweep-20260509/runs/e2_30b_concurrent_grpo7_oldlock_cap640_worker5_20260509T102038Z
Qwen3-30B,7,concurrent,measured,grpo_b,3,2026-05-09T11:12:35Z,2026-05-09T11:20:14Z,2026-05-09T11:51:16Z,459.0,1862.0,2321.0,e2_30b_concurrent_grpo7_oldlock_cap640_worker5_20260509T102038Z,/root/docs/paper/MinT-Closing/session-n-sweep-20260509/runs/e2_30b_concurrent_grpo7_oldlock_cap640_worker5_20260509T102038Z
Qwen3-30B,7,concurrent,measured,grpo_b,4,2026-05-09T11:51:16Z,2026-05-09T12:24:02Z,2026-05-09T12:37:45Z,1966.0,823.0,2789.0,e2_30b_concurrent_grpo7_oldlock_cap640_worker5_20260509T102038Z,/root/docs/paper/MinT-Closing/session-n-sweep-20260509/runs/e2_30b_concurrent_grpo7_oldlock_cap640_worker5_20260509T102038Z
Qwen3-30B,7,concurrent,measured,grpo_b,5,2026-05-09T12:37:45Z,,2026-05-09T13:36:09Z,,,3504.0,e2_30b_concurrent_grpo7_oldlock_cap640_worker5_20260509T102038Z,/root/docs/paper/MinT-Closing/session-n-sweep-20260509/runs/e2_30b_concurrent_grpo7_oldlock_cap640_worker5_20260509T102038Z
Qwen3-30B,7,concurrent,measured,grpo_c,1,2026-05-09T10:21:05Z,2026-05-09T10:29:53Z,2026-05-09T10:55:55Z,528.0,1562.0,2090.0,e2_30b_concurrent_grpo7_oldlock_cap640_worker5_20260509T102038Z,/root/docs/paper/MinT-Closing/session-n-sweep-20260509/runs/e2_30b_concurrent_grpo7_oldlock_cap640_worker5_20260509T102038Z
Qwen3-30B,7,concurrent,measured,grpo_c,2,2026-05-09T10:55:55Z,2026-05-09T11:07:33Z,2026-05-09T11:21:30Z,698.0,837.0,1535.0,e2_30b_concurrent_grpo7_oldlock_cap640_worker5_20260509T102038Z,/root/docs/paper/MinT-Closing/session-n-sweep-20260509/runs/e2_30b_concurrent_grpo7_oldlock_cap640_worker5_20260509T102038Z
Qwen3-30B,7,concurrent,measured,grpo_c,3,2026-05-09T11:21:30Z,2026-05-09T11:35:32Z,2026-05-09T11:50:01Z,842.0,869.0,1711.0,e2_30b_concurrent_grpo7_oldlock_cap640_worker5_20260509T102038Z,/root/docs/paper/MinT-Closing/session-n-sweep-20260509/runs/e2_30b_concurrent_grpo7_oldlock_cap640_worker5_20260509T102038Z
Qwen3-30B,7,concurrent,measured,grpo_c,4,2026-05-09T11:50:01Z,2026-05-09T12:11:41Z,2026-05-09T12:31:05Z,1300.0,1164.0,2464.0,e2_30b_concurrent_grpo7_oldlock_cap640_worker5_20260509T102038Z,/root/docs/paper/MinT-Closing/session-n-sweep-20260509/runs/e2_30b_concurrent_grpo7_oldlock_cap640_worker5_20260509T102038Z
Qwen3-30B,7,concurrent,measured,grpo_c,5,2026-05-09T12:31:05Z,2026-05-09T12:53:08Z,2026-05-09T13:14:27Z,1323.0,1279.0,2602.0,e2_30b_concurrent_grpo7_oldlock_cap640_worker5_20260509T102038Z,/root/docs/paper/MinT-Closing/session-n-sweep-20260509/runs/e2_30b_concurrent_grpo7_oldlock_cap640_worker5_20260509T102038Z
Qwen3-30B,7,concurrent,measured,grpo_d,1,2026-05-09T10:21:05Z,,2026-05-09T10:56:07Z,,,2102.0,e2_30b_concurrent_grpo7_oldlock_cap640_worker5_20260509T102038Z,/root/docs/paper/MinT-Closing/session-n-sweep-20260509/runs/e2_30b_concurrent_grpo7_oldlock_cap640_worker5_20260509T102038Z
Qwen3-30B,7,concurrent,measured,grpo_d,2,2026-05-09T10:56:07Z,2026-05-09T11:11:01Z,2026-05-09T11:41:29Z,894.0,1828.0,2722.0,e2_30b_concurrent_grpo7_oldlock_cap640_worker5_20260509T102038Z,/root/docs/paper/MinT-Closing/session-n-sweep-20260509/runs/e2_30b_concurrent_grpo7_oldlock_cap640_worker5_20260509T102038Z
Qwen3-30B,7,concurrent,measured,grpo_d,3,2026-05-09T11:41:29Z,2026-05-09T12:01:38Z,2026-05-09T12:18:46Z,1209.0,1028.0,2237.0,e2_30b_concurrent_grpo7_oldlock_cap640_worker5_20260509T102038Z,/root/docs/paper/MinT-Closing/session-n-sweep-20260509/runs/e2_30b_concurrent_grpo7_oldlock_cap640_worker5_20260509T102038Z
Qwen3-30B,7,concurrent,measured,grpo_d,4,2026-05-09T12:18:46Z,2026-05-09T12:43:05Z,2026-05-09T13:01:45Z,1459.0,1120.0,2579.0,e2_30b_concurrent_grpo7_oldlock_cap640_worker5_20260509T102038Z,/root/docs/paper/MinT-Closing/session-n-sweep-20260509/runs/e2_30b_concurrent_grpo7_oldlock_cap640_worker5_20260509T102038Z
Qwen3-30B,7,concurrent,measured,grpo_d,5,2026-05-09T13:01:45Z,2026-05-09T13:27:19Z,2026-05-09T13:46:30Z,1534.0,1151.0,2685.0,e2_30b_concurrent_grpo7_oldlock_cap640_worker5_20260509T102038Z,/root/docs/paper/MinT-Closing/session-n-sweep-20260509/runs/e2_30b_concurrent_grpo7_oldlock_cap640_worker5_20260509T102038Z
Qwen3-30B,7,concurrent,measured,grpo_e,1,2026-05-09T10:21:05Z,2026-05-09T10:35:43Z,2026-05-09T10:56:17Z,878.0,1234.0,2112.0,e2_30b_concurrent_grpo7_oldlock_cap640_worker5_20260509T102038Z,/root/docs/paper/MinT-Closing/session-n-sweep-20260509/runs/e2_30b_concurrent_grpo7_oldlock_cap640_worker5_20260509T102038Z
Qwen3-30B,7,concurrent,measured,grpo_e,2,2026-05-09T10:56:17Z,2026-05-09T11:11:13Z,2026-05-09T11:39:54Z,896.0,1721.0,2617.0,e2_30b_concurrent_grpo7_oldlock_cap640_worker5_20260509T102038Z,/root/docs/paper/MinT-Closing/session-n-sweep-20260509/runs/e2_30b_concurrent_grpo7_oldlock_cap640_worker5_20260509T102038Z
Qwen3-30B,7,concurrent,measured,grpo_e,3,2026-05-09T11:39:54Z,2026-05-09T12:03:01Z,2026-05-09T12:12:42Z,1387.0,581.0,1968.0,e2_30b_concurrent_grpo7_oldlock_cap640_worker5_20260509T102038Z,/root/docs/paper/MinT-Closing/session-n-sweep-20260509/runs/e2_30b_concurrent_grpo7_oldlock_cap640_worker5_20260509T102038Z
Qwen3-30B,7,concurrent,measured,grpo_e,4,2026-05-09T12:12:42Z,2026-05-09T12:44:10Z,2026-05-09T13:00:11Z,1888.0,961.0,2849.0,e2_30b_concurrent_grpo7_oldlock_cap640_worker5_20260509T102038Z,/root/docs/paper/MinT-Closing/session-n-sweep-20260509/runs/e2_30b_concurrent_grpo7_oldlock_cap640_worker5_20260509T102038Z
Qwen3-30B,7,concurrent,measured,grpo_e,5,2026-05-09T13:00:11Z,2026-05-09T13:34:19Z,2026-05-09T13:46:15Z,2048.0,716.0,2764.0,e2_30b_concurrent_grpo7_oldlock_cap640_worker5_20260509T102038Z,/root/docs/paper/MinT-Closing/session-n-sweep-20260509/runs/e2_30b_concurrent_grpo7_oldlock_cap640_worker5_20260509T102038Z
Qwen3-30B,7,concurrent,measured,grpo_f,1,2026-05-09T10:21:05Z,2026-05-09T10:39:47Z,2026-05-09T11:03:52Z,1122.0,1445.0,2567.0,e2_30b_concurrent_grpo7_oldlock_cap640_worker5_20260509T102038Z,/root/docs/paper/MinT-Closing/session-n-sweep-20260509/runs/e2_30b_concurrent_grpo7_oldlock_cap640_worker5_20260509T102038Z
Qwen3-30B,7,concurrent,measured,grpo_f,2,2026-05-09T11:03:52Z,2026-05-09T11:23:25Z,2026-05-09T11:48:16Z,1173.0,1491.0,2664.0,e2_30b_concurrent_grpo7_oldlock_cap640_worker5_20260509T102038Z,/root/docs/paper/MinT-Closing/session-n-sweep-20260509/runs/e2_30b_concurrent_grpo7_oldlock_cap640_worker5_20260509T102038Z
Qwen3-30B,7,concurrent,measured,grpo_f,3,2026-05-09T11:48:16Z,2026-05-09T12:12:09Z,2026-05-09T12:18:51Z,1433.0,402.0,1835.0,e2_30b_concurrent_grpo7_oldlock_cap640_worker5_20260509T102038Z,/root/docs/paper/MinT-Closing/session-n-sweep-20260509/runs/e2_30b_concurrent_grpo7_oldlock_cap640_worker5_20260509T102038Z
Qwen3-30B,7,concurrent,measured,grpo_f,4,2026-05-09T12:18:51Z,2026-05-09T12:51:57Z,2026-05-09T13:22:55Z,1986.0,1858.0,3844.0,e2_30b_concurrent_grpo7_oldlock_cap640_worker5_20260509T102038Z,/root/docs/paper/MinT-Closing/session-n-sweep-20260509/runs/e2_30b_concurrent_grpo7_oldlock_cap640_worker5_20260509T102038Z
Qwen3-30B,7,concurrent,measured,grpo_f,5,2026-05-09T13:22:55Z,2026-05-09T13:38:55Z,2026-05-09T13:57:12Z,960.0,1097.0,2057.0,e2_30b_concurrent_grpo7_oldlock_cap640_worker5_20260509T102038Z,/root/docs/paper/MinT-Closing/session-n-sweep-20260509/runs/e2_30b_concurrent_grpo7_oldlock_cap640_worker5_20260509T102038Z
Qwen3-30B,7,concurrent,measured,grpo_g,1,2026-05-09T10:21:05Z,2026-05-09T10:40:09Z,2026-05-09T11:03:26Z,1144.0,1397.0,2541.0,e2_30b_concurrent_grpo7_oldlock_cap640_worker5_20260509T102038Z,/root/docs/paper/MinT-Closing/session-n-sweep-20260509/runs/e2_30b_concurrent_grpo7_oldlock_cap640_worker5_20260509T102038Z
Qwen3-30B,7,concurrent,measured,grpo_g,2,2026-05-09T11:03:26Z,2026-05-09T11:16:24Z,2026-05-09T11:28:53Z,778.0,749.0,1527.0,e2_30b_concurrent_grpo7_oldlock_cap640_worker5_20260509T102038Z,/root/docs/paper/MinT-Closing/session-n-sweep-20260509/runs/e2_30b_concurrent_grpo7_oldlock_cap640_worker5_20260509T102038Z
Qwen3-30B,7,concurrent,measured,grpo_g,3,2026-05-09T11:28:53Z,2026-05-09T11:37:39Z,2026-05-09T11:58:15Z,526.0,1236.0,1762.0,e2_30b_concurrent_grpo7_oldlock_cap640_worker5_20260509T102038Z,/root/docs/paper/MinT-Closing/session-n-sweep-20260509/runs/e2_30b_concurrent_grpo7_oldlock_cap640_worker5_20260509T102038Z
Qwen3-30B,7,concurrent,measured,grpo_g,4,2026-05-09T11:58:15Z,2026-05-09T12:34:43Z,2026-05-09T13:00:36Z,2188.0,1553.0,3741.0,e2_30b_concurrent_grpo7_oldlock_cap640_worker5_20260509T102038Z,/root/docs/paper/MinT-Closing/session-n-sweep-20260509/runs/e2_30b_concurrent_grpo7_oldlock_cap640_worker5_20260509T102038Z
Qwen3-30B,7,concurrent,measured,grpo_g,5,2026-05-09T13:00:36Z,2026-05-09T13:38:17Z,2026-05-09T13:58:10Z,2261.0,1193.0,3454.0,e2_30b_concurrent_grpo7_oldlock_cap640_worker5_20260509T102038Z,/root/docs/paper/MinT-Closing/session-n-sweep-20260509/runs/e2_30b_concurrent_grpo7_oldlock_cap640_worker5_20260509T102038Z
Qwen3-30B,9,concurrent,measured,grpo_a,1,2026-05-09T14:07:37Z,,2026-05-09T15:08:30Z,,,3653.0,e2_30b_concurrent_grpo9_oldlock_cap640_skippreflight_cleanworker4_20260509T140708Z,/root/docs/paper/MinT-Closing/session-n-sweep-20260509/runs/e2_30b_concurrent_grpo9_oldlock_cap640_skippreflight_cleanworker4_20260509T140708Z
Qwen3-30B,9,concurrent,measured,grpo_a,2,2026-05-09T15:08:30Z,,2026-05-09T16:37:41Z,,,5351.0,e2_30b_concurrent_grpo9_oldlock_cap640_skippreflight_cleanworker4_20260509T140708Z,/root/docs/paper/MinT-Closing/session-n-sweep-20260509/runs/e2_30b_concurrent_grpo9_oldlock_cap640_skippreflight_cleanworker4_20260509T140708Z
Qwen3-30B,9,concurrent,measured,grpo_a,3,2026-05-09T16:37:41Z,,2026-05-09T17:19:06Z,,,2485.0,e2_30b_concurrent_grpo9_oldlock_cap640_skippreflight_cleanworker4_20260509T140708Z,/root/docs/paper/MinT-Closing/session-n-sweep-20260509/runs/e2_30b_concurrent_grpo9_oldlock_cap640_skippreflight_cleanworker4_20260509T140708Z
Qwen3-30B,9,concurrent,measured,grpo_a,4,2026-05-09T17:19:06Z,,2026-05-09T18:08:41Z,,,2975.0,e2_30b_concurrent_grpo9_oldlock_cap640_skippreflight_cleanworker4_20260509T140708Z,/root/docs/paper/MinT-Closing/session-n-sweep-20260509/runs/e2_30b_concurrent_grpo9_oldlock_cap640_skippreflight_cleanworker4_20260509T140708Z
Qwen3-30B,9,concurrent,measured,grpo_a,5,2026-05-09T18:08:41Z,,2026-05-09T19:02:06Z,,,3205.0,e2_30b_concurrent_grpo9_oldlock_cap640_skippreflight_cleanworker4_20260509T140708Z,/root/docs/paper/MinT-Closing/session-n-sweep-20260509/runs/e2_30b_concurrent_grpo9_oldlock_cap640_skippreflight_cleanworker4_20260509T140708Z
Qwen3-30B,9,concurrent,measured,grpo_b,1,2026-05-09T14:07:37Z,,2026-05-09T14:47:49Z,,,2412.0,e2_30b_concurrent_grpo9_oldlock_cap640_skippreflight_cleanworker4_20260509T140708Z,/root/docs/paper/MinT-Closing/session-n-sweep-20260509/runs/e2_30b_concurrent_grpo9_oldlock_cap640_skippreflight_cleanworker4_20260509T140708Z
Qwen3-30B,9,concurrent,measured,grpo_b,2,2026-05-09T14:47:49Z,,2026-05-09T15:43:31Z,,,3342.0,e2_30b_concurrent_grpo9_oldlock_cap640_skippreflight_cleanworker4_20260509T140708Z,/root/docs/paper/MinT-Closing/session-n-sweep-20260509/runs/e2_30b_concurrent_grpo9_oldlock_cap640_skippreflight_cleanworker4_20260509T140708Z
Qwen3-30B,9,concurrent,measured,grpo_b,3,2026-05-09T15:43:31Z,,2026-05-09T16:31:40Z,,,2889.0,e2_30b_concurrent_grpo9_oldlock_cap640_skippreflight_cleanworker4_20260509T140708Z,/root/docs/paper/MinT-Closing/session-n-sweep-20260509/runs/e2_30b_concurrent_grpo9_oldlock_cap640_skippreflight_cleanworker4_20260509T140708Z
Qwen3-30B,9,concurrent,measured,grpo_b,4,2026-05-09T16:31:40Z,,2026-05-09T17:33:53Z,,,3733.0,e2_30b_concurrent_grpo9_oldlock_cap640_skippreflight_cleanworker4_20260509T140708Z,/root/docs/paper/MinT-Closing/session-n-sweep-20260509/runs/e2_30b_concurrent_grpo9_oldlock_cap640_skippreflight_cleanworker4_20260509T140708Z
Qwen3-30B,9,concurrent,measured,grpo_b,5,2026-05-09T17:33:53Z,,2026-05-09T18:41:56Z,,,4083.0,e2_30b_concurrent_grpo9_oldlock_cap640_skippreflight_cleanworker4_20260509T140708Z,/root/docs/paper/MinT-Closing/session-n-sweep-20260509/runs/e2_30b_concurrent_grpo9_oldlock_cap640_skippreflight_cleanworker4_20260509T140708Z
Qwen3-30B,9,concurrent,measured,grpo_c,1,2026-05-09T14:07:37Z,,2026-05-09T15:02:57Z,,,3320.0,e2_30b_concurrent_grpo9_oldlock_cap640_skippreflight_cleanworker4_20260509T140708Z,/root/docs/paper/MinT-Closing/session-n-sweep-20260509/runs/e2_30b_concurrent_grpo9_oldlock_cap640_skippreflight_cleanworker4_20260509T140708Z
Qwen3-30B,9,concurrent,measured,grpo_c,2,2026-05-09T15:02:57Z,,2026-05-09T16:02:20Z,,,3563.0,e2_30b_concurrent_grpo9_oldlock_cap640_skippreflight_cleanworker4_20260509T140708Z,/root/docs/paper/MinT-Closing/session-n-sweep-20260509/runs/e2_30b_concurrent_grpo9_oldlock_cap640_skippreflight_cleanworker4_20260509T140708Z
Qwen3-30B,9,concurrent,measured,grpo_c,3,2026-05-09T16:02:20Z,,2026-05-09T16:51:04Z,,,2924.0,e2_30b_concurrent_grpo9_oldlock_cap640_skippreflight_cleanworker4_20260509T140708Z,/root/docs/paper/MinT-Closing/session-n-sweep-20260509/runs/e2_30b_concurrent_grpo9_oldlock_cap640_skippreflight_cleanworker4_20260509T140708Z
Qwen3-30B,9,concurrent,measured,grpo_c,4,2026-05-09T16:51:04Z,,2026-05-09T17:54:14Z,,,3790.0,e2_30b_concurrent_grpo9_oldlock_cap640_skippreflight_cleanworker4_20260509T140708Z,/root/docs/paper/MinT-Closing/session-n-sweep-20260509/runs/e2_30b_concurrent_grpo9_oldlock_cap640_skippreflight_cleanworker4_20260509T140708Z
Qwen3-30B,9,concurrent,measured,grpo_c,5,2026-05-09T17:54:14Z,,2026-05-09T19:02:32Z,,,4098.0,e2_30b_concurrent_grpo9_oldlock_cap640_skippreflight_cleanworker4_20260509T140708Z,/root/docs/paper/MinT-Closing/session-n-sweep-20260509/runs/e2_30b_concurrent_grpo9_oldlock_cap640_skippreflight_cleanworker4_20260509T140708Z
Qwen3-30B,9,concurrent,measured,grpo_d,1,2026-05-09T14:07:37Z,,2026-05-09T14:37:01Z,,,1764.0,e2_30b_concurrent_grpo9_oldlock_cap640_skippreflight_cleanworker4_20260509T140708Z,/root/docs/paper/MinT-Closing/session-n-sweep-20260509/runs/e2_30b_concurrent_grpo9_oldlock_cap640_skippreflight_cleanworker4_20260509T140708Z
Qwen3-30B,9,concurrent,measured,grpo_d,2,2026-05-09T14:37:01Z,,2026-05-09T15:03:06Z,,,1565.0,e2_30b_concurrent_grpo9_oldlock_cap640_skippreflight_cleanworker4_20260509T140708Z,/root/docs/paper/MinT-Closing/session-n-sweep-20260509/runs/e2_30b_concurrent_grpo9_oldlock_cap640_skippreflight_cleanworker4_20260509T140708Z
Qwen3-30B,9,concurrent,measured,grpo_d,3,2026-05-09T15:03:06Z,,2026-05-09T15:57:55Z,,,3289.0,e2_30b_concurrent_grpo9_oldlock_cap640_skippreflight_cleanworker4_20260509T140708Z,/root/docs/paper/MinT-Closing/session-n-sweep-20260509/runs/e2_30b_concurrent_grpo9_oldlock_cap640_skippreflight_cleanworker4_20260509T140708Z
Qwen3-30B,9,concurrent,measured,grpo_d,4,2026-05-09T15:57:55Z,,2026-05-09T17:03:23Z,,,3928.0,e2_30b_concurrent_grpo9_oldlock_cap640_skippreflight_cleanworker4_20260509T140708Z,/root/docs/paper/MinT-Closing/session-n-sweep-20260509/runs/e2_30b_concurrent_grpo9_oldlock_cap640_skippreflight_cleanworker4_20260509T140708Z
Qwen3-30B,9,concurrent,measured,grpo_d,5,2026-05-09T17:03:23Z,,2026-05-09T17:44:12Z,,,2449.0,e2_30b_concurrent_grpo9_oldlock_cap640_skippreflight_cleanworker4_20260509T140708Z,/root/docs/paper/MinT-Closing/session-n-sweep-20260509/runs/e2_30b_concurrent_grpo9_oldlock_cap640_skippreflight_cleanworker4_20260509T140708Z
Qwen3-30B,9,concurrent,measured,grpo_e,1,2026-05-09T14:07:37Z,,2026-05-09T14:52:17Z,,,2680.0,e2_30b_concurrent_grpo9_oldlock_cap640_skippreflight_cleanworker4_20260509T140708Z,/root/docs/paper/MinT-Closing/session-n-sweep-20260509/runs/e2_30b_concurrent_grpo9_oldlock_cap640_skippreflight_cleanworker4_20260509T140708Z
Qwen3-30B,9,concurrent,measured,grpo_e,2,2026-05-09T14:52:17Z,,2026-05-09T15:54:54Z,,,3757.0,e2_30b_concurrent_grpo9_oldlock_cap640_skippreflight_cleanworker4_20260509T140708Z,/root/docs/paper/MinT-Closing/session-n-sweep-20260509/runs/e2_30b_concurrent_grpo9_oldlock_cap640_skippreflight_cleanworker4_20260509T140708Z
Qwen3-30B,9,concurrent,measured,grpo_e,3,2026-05-09T15:54:54Z,,2026-05-09T17:21:16Z,,,5182.0,e2_30b_concurrent_grpo9_oldlock_cap640_skippreflight_cleanworker4_20260509T140708Z,/root/docs/paper/MinT-Closing/session-n-sweep-20260509/runs/e2_30b_concurrent_grpo9_oldlock_cap640_skippreflight_cleanworker4_20260509T140708Z
Qwen3-30B,9,concurrent,measured,grpo_e,4,2026-05-09T17:21:16Z,,2026-05-09T18:15:45Z,,,3269.0,e2_30b_concurrent_grpo9_oldlock_cap640_skippreflight_cleanworker4_20260509T140708Z,/root/docs/paper/MinT-Closing/session-n-sweep-20260509/runs/e2_30b_concurrent_grpo9_oldlock_cap640_skippreflight_cleanworker4_20260509T140708Z
Qwen3-30B,9,concurrent,measured,grpo_e,5,2026-05-09T18:15:45Z,,2026-05-09T18:42:32Z,,,1607.0,e2_30b_concurrent_grpo9_oldlock_cap640_skippreflight_cleanworker4_20260509T140708Z,/root/docs/paper/MinT-Closing/session-n-sweep-20260509/runs/e2_30b_concurrent_grpo9_oldlock_cap640_skippreflight_cleanworker4_20260509T140708Z
Qwen3-30B,9,concurrent,measured,grpo_f,1,2026-05-09T14:07:37Z,,2026-05-09T14:49:38Z,,,2521.0,e2_30b_concurrent_grpo9_oldlock_cap640_skippreflight_cleanworker4_20260509T140708Z,/root/docs/paper/MinT-Closing/session-n-sweep-20260509/runs/e2_30b_concurrent_grpo9_oldlock_cap640_skippreflight_cleanworker4_20260509T140708Z
Qwen3-30B,9,concurrent,measured,grpo_f,2,2026-05-09T14:49:38Z,,2026-05-09T16:04:37Z,,,4499.0,e2_30b_concurrent_grpo9_oldlock_cap640_skippreflight_cleanworker4_20260509T140708Z,/root/docs/paper/MinT-Closing/session-n-sweep-20260509/runs/e2_30b_concurrent_grpo9_oldlock_cap640_skippreflight_cleanworker4_20260509T140708Z
Qwen3-30B,9,concurrent,measured,grpo_f,3,2026-05-09T16:04:37Z,,2026-05-09T16:32:41Z,,,1684.0,e2_30b_concurrent_grpo9_oldlock_cap640_skippreflight_cleanworker4_20260509T140708Z,/root/docs/paper/MinT-Closing/session-n-sweep-20260509/runs/e2_30b_concurrent_grpo9_oldlock_cap640_skippreflight_cleanworker4_20260509T140708Z
Qwen3-30B,9,concurrent,measured,grpo_f,4,2026-05-09T16:32:41Z,,2026-05-09T17:52:07Z,,,4766.0,e2_30b_concurrent_grpo9_oldlock_cap640_skippreflight_cleanworker4_20260509T140708Z,/root/docs/paper/MinT-Closing/session-n-sweep-20260509/runs/e2_30b_concurrent_grpo9_oldlock_cap640_skippreflight_cleanworker4_20260509T140708Z
Qwen3-30B,9,concurrent,measured,grpo_f,5,2026-05-09T17:52:07Z,,2026-05-09T18:44:45Z,,,3158.0,e2_30b_concurrent_grpo9_oldlock_cap640_skippreflight_cleanworker4_20260509T140708Z,/root/docs/paper/MinT-Closing/session-n-sweep-20260509/runs/e2_30b_concurrent_grpo9_oldlock_cap640_skippreflight_cleanworker4_20260509T140708Z
Qwen3-30B,9,concurrent,measured,grpo_g,1,2026-05-09T14:07:37Z,,2026-05-09T14:44:32Z,,,2215.0,e2_30b_concurrent_grpo9_oldlock_cap640_skippreflight_cleanworker4_20260509T140708Z,/root/docs/paper/MinT-Closing/session-n-sweep-20260509/runs/e2_30b_concurrent_grpo9_oldlock_cap640_skippreflight_cleanworker4_20260509T140708Z
Qwen3-30B,9,concurrent,measured,grpo_g,2,2026-05-09T14:44:32Z,,2026-05-09T16:04:45Z,,,4813.0,e2_30b_concurrent_grpo9_oldlock_cap640_skippreflight_cleanworker4_20260509T140708Z,/root/docs/paper/MinT-Closing/session-n-sweep-20260509/runs/e2_30b_concurrent_grpo9_oldlock_cap640_skippreflight_cleanworker4_20260509T140708Z
Qwen3-30B,9,concurrent,measured,grpo_g,3,2026-05-09T16:04:45Z,,2026-05-09T16:48:18Z,,,2613.0,e2_30b_concurrent_grpo9_oldlock_cap640_skippreflight_cleanworker4_20260509T140708Z,/root/docs/paper/MinT-Closing/session-n-sweep-20260509/runs/e2_30b_concurrent_grpo9_oldlock_cap640_skippreflight_cleanworker4_20260509T140708Z
Qwen3-30B,9,concurrent,measured,grpo_g,4,2026-05-09T16:48:18Z,,2026-05-09T17:38:09Z,,,2991.0,e2_30b_concurrent_grpo9_oldlock_cap640_skippreflight_cleanworker4_20260509T140708Z,/root/docs/paper/MinT-Closing/session-n-sweep-20260509/runs/e2_30b_concurrent_grpo9_oldlock_cap640_skippreflight_cleanworker4_20260509T140708Z
Qwen3-30B,9,concurrent,measured,grpo_g,5,2026-05-09T17:38:09Z,,2026-05-09T18:29:39Z,,,3090.0,e2_30b_concurrent_grpo9_oldlock_cap640_skippreflight_cleanworker4_20260509T140708Z,/root/docs/paper/MinT-Closing/session-n-sweep-20260509/runs/e2_30b_concurrent_grpo9_oldlock_cap640_skippreflight_cleanworker4_20260509T140708Z
Qwen3-30B,9,concurrent,measured,grpo_h,1,2026-05-09T14:07:37Z,,2026-05-09T14:49:36Z,,,2519.0,e2_30b_concurrent_grpo9_oldlock_cap640_skippreflight_cleanworker4_20260509T140708Z,/root/docs/paper/MinT-Closing/session-n-sweep-20260509/runs/e2_30b_concurrent_grpo9_oldlock_cap640_skippreflight_cleanworker4_20260509T140708Z
Qwen3-30B,9,concurrent,measured,grpo_h,2,2026-05-09T14:49:36Z,,2026-05-09T16:04:31Z,,,4495.0,e2_30b_concurrent_grpo9_oldlock_cap640_skippreflight_cleanworker4_20260509T140708Z,/root/docs/paper/MinT-Closing/session-n-sweep-20260509/runs/e2_30b_concurrent_grpo9_oldlock_cap640_skippreflight_cleanworker4_20260509T140708Z
Qwen3-30B,9,concurrent,measured,grpo_h,3,2026-05-09T16:04:31Z,,2026-05-09T16:44:47Z,,,2416.0,e2_30b_concurrent_grpo9_oldlock_cap640_skippreflight_cleanworker4_20260509T140708Z,/root/docs/paper/MinT-Closing/session-n-sweep-20260509/runs/e2_30b_concurrent_grpo9_oldlock_cap640_skippreflight_cleanworker4_20260509T140708Z
Qwen3-30B,9,concurrent,measured,grpo_h,4,2026-05-09T16:44:47Z,,2026-05-09T17:22:49Z,,,2282.0,e2_30b_concurrent_grpo9_oldlock_cap640_skippreflight_cleanworker4_20260509T140708Z,/root/docs/paper/MinT-Closing/session-n-sweep-20260509/runs/e2_30b_concurrent_grpo9_oldlock_cap640_skippreflight_cleanworker4_20260509T140708Z
Qwen3-30B,9,concurrent,measured,grpo_h,5,2026-05-09T17:22:49Z,,2026-05-09T17:59:21Z,,,2192.0,e2_30b_concurrent_grpo9_oldlock_cap640_skippreflight_cleanworker4_20260509T140708Z,/root/docs/paper/MinT-Closing/session-n-sweep-20260509/runs/e2_30b_concurrent_grpo9_oldlock_cap640_skippreflight_cleanworker4_20260509T140708Z
Qwen3-30B,9,concurrent,measured,grpo_i,1,2026-05-09T14:07:37Z,,2026-05-09T14:48:40Z,,,2463.0,e2_30b_concurrent_grpo9_oldlock_cap640_skippreflight_cleanworker4_20260509T140708Z,/root/docs/paper/MinT-Closing/session-n-sweep-20260509/runs/e2_30b_concurrent_grpo9_oldlock_cap640_skippreflight_cleanworker4_20260509T140708Z
Qwen3-30B,9,concurrent,measured,grpo_i,2,2026-05-09T14:48:40Z,,2026-05-09T15:59:55Z,,,4275.0,e2_30b_concurrent_grpo9_oldlock_cap640_skippreflight_cleanworker4_20260509T140708Z,/root/docs/paper/MinT-Closing/session-n-sweep-20260509/runs/e2_30b_concurrent_grpo9_oldlock_cap640_skippreflight_cleanworker4_20260509T140708Z
Qwen3-30B,9,concurrent,measured,grpo_i,3,2026-05-09T15:59:55Z,,2026-05-09T16:54:27Z,,,3272.0,e2_30b_concurrent_grpo9_oldlock_cap640_skippreflight_cleanworker4_20260509T140708Z,/root/docs/paper/MinT-Closing/session-n-sweep-20260509/runs/e2_30b_concurrent_grpo9_oldlock_cap640_skippreflight_cleanworker4_20260509T140708Z
Qwen3-30B,9,concurrent,measured,grpo_i,4,2026-05-09T16:54:27Z,,2026-05-09T17:36:18Z,,,2511.0,e2_30b_concurrent_grpo9_oldlock_cap640_skippreflight_cleanworker4_20260509T140708Z,/root/docs/paper/MinT-Closing/session-n-sweep-20260509/runs/e2_30b_concurrent_grpo9_oldlock_cap640_skippreflight_cleanworker4_20260509T140708Z
Qwen3-30B,9,concurrent,measured,grpo_i,5,2026-05-09T17:36:18Z,,2026-05-09T18:13:47Z,,,2249.0,e2_30b_concurrent_grpo9_oldlock_cap640_skippreflight_cleanworker4_20260509T140708Z,/root/docs/paper/MinT-Closing/session-n-sweep-20260509/runs/e2_30b_concurrent_grpo9_oldlock_cap640_skippreflight_cleanworker4_20260509T140708Z
